UserID,Age,Gender,Weight_kg,Height_cm,Activity_Level,Climate,Occupation,Daily_Water_Intake_Liters,Recommended_Intake_Liters,Health_Status,Sleep_Hours,Coffee_Cups_Per_Day,Alcohol_Units_Per_Day,BMI,Hydration_Status
U0001,26,Female,62,158,Low,Cold,Retired,0.95,1.9,Poor,5.9,4,0,24.8,Inadequate
U0002,50,Male,70,165,Moderate,Temperate,Doctor,2.09,2.5,Poor,4.0,4,2,25.7,Inadequate
U0003,18,Male,54,178,Low,Temperate,Doctor,1.01,1.8,Poor,6.4,2,4,17.0,Inadequate
U0004,45,Female,53,157,High,Temperate,Consultant,2.68,2.2,Good,5.7,1,1,21.5,Adequate
U0005,54,Female,86,167,Moderate,Cold,Developer,1.09,2.9,Good,5.8,2,1,30.8,Inadequate
U0006,59,Female,47,150,High,Hot,Farmer,3.18,2.4,Poor,7.0,1,3,20.9,Adequate
U0007,19,Female,64,164,High,Cold,Scientist,2.28,2.5,Good,5.3,3,1,23.8,Adequate
U0008,53,Male,83,182,Moderate,Temperate,Farmer,2.65,2.9,Good,5.3,3,0,25.1,Adequate
U0009,28,Male,73,158,Low,Temperate,Teacher,2.14,2.4,Excellent,8.3,0,2,29.2,Adequate
U0010,20,Female,59,155,High,Temperate,Programmer,3.06,2.4,Good,6.1,2,1,24.6,Adequate
U0011,50,Male,74,172,Low,Cold,Mechanic,0.91,2.3,Good,5.6,0,2,25.0,Inadequate
U0012,55,Male,53,176,Low,Temperate,Manager,1.7,1.7,Good,6.6,3,1,17.1,Adequate
U0013,48,Male,65,176,Moderate,Temperate,Nurse,1.82,2.3,Good,6.0,4,0,21.0,Inadequate
U0014,28,Male,75,166,Moderate,Cold,Teacher,1.45,2.6,Good,7.4,1,0,27.2,Inadequate
U0015,64,Female,50,166,Moderate,Cold,Trainer,0.89,1.8,Good,4.4,2,2,18.1,Inadequate
U0016,49,Male,92,181,Moderate,Cold,Teacher,2.34,3.1,Good,7.9,0,1,28.1,Inadequate
U0017,29,Male,55,175,High,Hot,Teacher,2.83,2.6,Good,5.5,5,0,18.0,Adequate
U0018,46,Female,45,160,Moderate,Temperate,Farmer,2.04,1.7,Excellent,7.3,1,4,17.6,Adequate
U0019,45,Female,63,148,Moderate,Temperate,Professor,2.33,2.3,Good,6.9,2,0,28.8,Adequate
U0020,57,Female,45,167,Moderate,Hot,Professor,1.81,2.0,Poor,5.6,2,3,16.1,Adequate
U0021,27,Female,48,165,Moderate,Cold,Nurse,2.7,1.7,Excellent,6.7,3,1,17.6,Adequate
U0022,56,Female,63,148,Moderate,Cold,Scientist,1.37,2.2,Poor,6.3,3,1,28.8,Inadequate
U0023,44,Male,84,180,Moderate,Hot,Driver,3.14,3.3,Good,5.7,0,2,25.9,Adequate
U0024,60,Male,83,178,Low,Cold,Professor,0.64,2.6,Good,5.3,1,0,26.2,Inadequate
U0025,49,Male,89,165,Moderate,Cold,Lawyer,1.9,3.0,Good,5.4,1,0,32.7,Inadequate
U0026,51,Male,92,155,High,Cold,Teacher,1.83,3.4,Poor,5.4,3,2,38.3,Inadequate
U0027,40,Female,54,153,Low,Cold,Manager,1.02,1.7,Excellent,6.2,1,2,23.1,Inadequate
U0028,45,Female,65,157,Moderate,Cold,Athlete,1.68,2.2,Good,5.9,3,1,26.4,Inadequate
U0029,40,Male,62,171,High,Cold,Officer,2.28,2.4,Good,6.8,4,3,21.2,Adequate
U0030,23,Female,57,153,Low,Temperate,Professor,2.86,1.9,Excellent,8.6,1,1,24.3,Adequate
U0031,47,Male,80,175,Moderate,Temperate,Mechanic,1.66,2.8,Good,5.5,3,1,26.1,Inadequate
U0032,22,Female,58,165,Moderate,Temperate,Doctor,2.24,2.1,Poor,6.6,2,2,21.3,Adequate
U0033,40,Male,84,174,High,Temperate,Teacher,3.22,3.3,Poor,7.2,1,0,27.7,Adequate
U0034,38,Female,57,169,Low,Hot,Consultant,1.8,2.2,Good,5.0,3,1,20.0,Inadequate
U0035,26,Male,84,163,Moderate,Hot,Consultant,3.64,3.3,Good,8.3,2,0,31.6,Adequate
U0036,36,Female,59,165,Moderate,Hot,Farmer,1.99,2.4,Good,5.4,2,2,21.7,Inadequate
U0037,51,Male,56,173,Low,Hot,Student,1.79,2.1,Good,5.0,5,2,18.7,Adequate
U0038,44,Female,55,163,Moderate,Hot,Teacher,3.42,2.3,Good,7.2,2,0,20.7,Adequate
U0039,28,Female,63,158,High,Cold,Trainer,2.7,2.5,Excellent,7.1,0,0,25.2,Adequate
U0040,25,Female,45,150,Moderate,Cold,Artist,1.72,1.6,Poor,5.2,1,0,20.0,Adequate
U0041,58,Female,91,157,High,Hot,Teacher,4.43,3.8,Excellent,5.3,2,1,36.9,Adequate
U0042,48,Male,84,171,Low,Temperate,Programmer,1.3,2.8,Good,6.9,2,0,28.7,Inadequate
U0043,31,Male,74,170,Moderate,Temperate,Developer,2.59,2.6,Good,7.8,2,0,25.6,Adequate
U0044,50,Male,83,171,Moderate,Hot,Sales,3.7,3.2,Excellent,7.2,1,2,28.4,Adequate
U0045,18,Male,86,180,Low,Hot,Trainer,2.46,3.1,Good,7.7,2,0,26.5,Inadequate
U0046,61,Male,62,177,Moderate,Temperate,Consultant,2.48,2.2,Good,7.3,0,3,19.8,Adequate
U0047,31,Female,49,151,Low,Temperate,Officer,1.37,1.6,Good,7.4,2,0,21.5,Adequate
U0048,40,Male,72,175,High,Temperate,Consultant,2.93,2.9,Good,8.1,0,3,23.5,Adequate
U0049,56,Male,61,166,Moderate,Temperate,Consultant,3.03,2.2,Excellent,7.5,0,0,22.1,Adequate
U0050,29,Female,67,148,High,Hot,Consultant,3.95,3.0,Poor,6.5,2,1,30.6,Adequate
U0051,56,Male,76,182,Moderate,Hot,Chef,2.38,3.0,Good,7.4,2,4,22.9,Inadequate
U0052,57,Male,60,169,Low,Hot,Driver,2.42,2.3,Excellent,7.0,2,3,21.0,Adequate
U0053,26,Male,77,174,High,Temperate,Scientist,2.9,3.0,Poor,7.6,3,0,25.4,Adequate
U0054,31,Female,53,149,Low,Cold,Farmer,0.5,1.6,Good,6.1,5,0,23.9,Inadequate
U0055,47,Female,47,167,Low,Cold,Engineer,1.65,1.5,Good,8.1,2,1,16.9,Adequate
U0056,40,Female,65,151,High,Temperate,Mechanic,2.64,2.6,Good,6.4,5,0,28.5,Adequate
U0057,58,Female,71,156,Low,Hot,Banker,2.72,2.6,Good,6.6,2,2,29.2,Adequate
U0058,63,Female,71,170,Moderate,Cold,Student,0.78,2.4,Poor,8.2,2,3,24.6,Inadequate
U0059,61,Female,65,165,High,Cold,Student,2.43,2.5,Poor,5.5,1,2,23.9,Adequate
U0060,19,Male,46,178,High,Cold,Driver,2.67,1.9,Good,5.9,2,1,14.5,Adequate
U0061,26,Male,90,180,High,Cold,Developer,3.02,3.4,Poor,5.4,1,0,27.8,Adequate
U0062,19,Male,57,177,High,Temperate,Journalist,3.64,2.4,Excellent,8.2,2,1,18.2,Adequate
U0063,51,Female,66,159,Low,Hot,Farmer,1.48,2.5,Poor,6.4,2,1,26.1,Inadequate
U0064,63,Male,64,157,Low,Hot,Journalist,3.21,2.4,Excellent,5.9,0,0,26.0,Adequate
U0065,18,Female,56,157,Moderate,Hot,Driver,3.25,2.3,Excellent,6.7,1,2,22.7,Adequate
U0066,30,Male,73,177,Low,Temperate,Mechanic,1.86,2.4,Good,7.1,4,2,23.3,Inadequate
U0067,25,Male,80,163,Moderate,Temperate,Doctor,2.36,2.8,Poor,8.1,0,2,30.1,Inadequate
U0068,29,Male,70,170,Moderate,Temperate,Chef,2.64,2.5,Good,4.6,5,0,24.2,Adequate
U0069,45,Female,57,163,Moderate,Hot,Scientist,2.43,2.4,Good,5.4,4,2,21.5,Adequate
U0070,31,Male,92,171,High,Hot,Teacher,3.44,3.8,Good,5.6,4,0,31.5,Adequate
U0071,20,Female,58,173,Low,Hot,Athlete,2.08,2.2,Excellent,6.3,3,2,19.4,Adequate
U0072,41,Female,69,155,High,Temperate,Programmer,2.23,2.8,Good,6.2,4,1,28.7,Inadequate
U0073,38,Female,63,167,Moderate,Temperate,Engineer,2.04,2.3,Good,7.2,4,0,22.6,Adequate
U0074,59,Male,82,192,Low,Temperate,Journalist,0.85,2.7,Good,6.0,2,3,22.2,Inadequate
U0075,58,Male,57,165,Moderate,Cold,Professor,0.86,2.0,Good,7.1,3,2,20.9,Inadequate
U0076,47,Male,67,172,Moderate,Temperate,Banker,2.03,2.4,Poor,6.9,0,0,22.6,Inadequate
U0077,40,Male,89,176,Moderate,Cold,Professor,1.59,3.0,Good,6.2,3,2,28.7,Inadequate
U0078,41,Male,78,182,Moderate,Temperate,Farmer,2.17,2.8,Good,5.6,4,1,23.5,Inadequate
U0079,21,Male,75,177,High,Hot,Lawyer,4.07,3.3,Good,7.5,2,0,23.9,Adequate
U0080,21,Female,71,163,High,Cold,Artist,3.31,2.7,Excellent,7.4,0,1,26.7,Adequate
U0081,60,Male,60,184,High,Cold,Consultant,1.12,2.4,Poor,6.0,4,3,17.7,Inadequate
U0082,29,Female,50,159,Moderate,Hot,Retired,2.63,2.2,Poor,5.8,0,0,19.8,Adequate
U0083,38,Female,69,158,High,Cold,Driver,1.8,2.7,Good,9.2,2,1,27.6,Inadequate
U0084,44,Female,59,164,Moderate,Cold,Artist,1.69,2.0,Excellent,6.3,2,1,21.9,Inadequate
U0085,23,Male,60,177,High,Cold,Sales,2.36,2.4,Poor,7.1,2,2,19.2,Adequate
U0086,56,Female,57,163,Moderate,Cold,Artist,1.1,2.0,Poor,5.6,2,0,21.5,Inadequate
U0087,19,Male,92,178,Low,Hot,Artist,2.37,3.3,Excellent,5.4,5,1,29.0,Inadequate
U0088,43,Male,65,167,Moderate,Temperate,Athlete,1.8,2.3,Poor,7.5,3,3,23.3,Inadequate
U0089,50,Female,59,157,Moderate,Cold,Teacher,0.64,2.0,Poor,6.7,3,3,23.9,Inadequate
U0090,37,Female,66,152,Moderate,Cold,Teacher,1.09,2.3,Good,8.9,2,3,28.6,Inadequate
U0091,27,Female,45,165,Moderate,Temperate,Officer,1.99,1.7,Poor,7.2,0,0,16.5,Adequate
U0092,46,Male,68,168,Low,Cold,Doctor,2.16,2.1,Excellent,6.8,2,0,24.1,Adequate
U0093,60,Male,86,163,High,Temperate,Manager,2.11,3.3,Good,6.5,2,2,32.4,Inadequate
U0094,56,Female,70,149,High,Temperate,Driver,2.83,2.8,Excellent,5.2,4,0,31.5,Adequate
U0095,60,Female,52,165,Moderate,Temperate,Mechanic,2.51,1.9,Excellent,6.4,2,0,19.1,Adequate
U0096,50,Female,62,155,High,Cold,Doctor,2.28,2.4,Good,6.7,2,2,25.8,Adequate
U0097,29,Male,92,163,Low,Temperate,Student,1.72,3.0,Good,6.4,0,2,34.6,Inadequate
U0098,40,Male,67,182,High,Cold,Doctor,2.82,2.6,Good,5.9,1,0,20.2,Adequate
U0099,63,Female,64,159,High,Temperate,Athlete,1.79,2.6,Poor,8.4,1,3,25.3,Inadequate
U0100,24,Female,65,153,Moderate,Hot,Scientist,2.57,2.6,Good,4.3,0,0,27.8,Adequate
U0101,25,Female,69,156,High,Hot,Engineer,3.79,3.1,Good,6.1,1,2,28.4,Adequate
U0102,46,Male,76,175,Moderate,Cold,Manager,1.45,2.6,Good,9.4,0,0,24.8,Inadequate
U0103,49,Female,49,159,High,Hot,Banker,2.77,2.4,Poor,6.4,4,0,19.4,Adequate
U0104,30,Female,81,164,Low,Hot,Scientist,2.77,3.0,Good,5.1,0,1,30.1,Adequate
U0105,31,Female,58,168,Low,Temperate,Mechanic,1.0,1.9,Poor,4.8,3,0,20.5,Inadequate
U0106,34,Male,87,186,Low,Cold,Engineer,1.35,2.8,Poor,6.7,1,3,25.1,Inadequate
U0107,42,Female,71,159,Moderate,Cold,Manager,1.75,2.4,Good,6.5,2,1,28.1,Inadequate
U0108,28,Male,56,176,Moderate,Temperate,Artist,2.34,2.0,Poor,6.5,3,1,18.1,Adequate
U0109,41,Male,82,173,High,Temperate,Sales,2.32,3.2,Good,7.9,5,3,27.4,Inadequate
U0110,41,Male,89,175,Moderate,Hot,Lawyer,2.72,3.4,Poor,6.4,1,4,29.1,Inadequate
U0111,28,Female,48,172,Moderate,Cold,Student,2.05,1.7,Good,6.9,0,0,16.2,Adequate
U0112,29,Female,70,165,Low,Cold,Farmer,1.19,2.2,Good,6.5,1,1,25.7,Inadequate
U0113,37,Male,83,166,Moderate,Hot,Chef,3.13,3.2,Good,7.7,2,3,30.1,Adequate
U0114,36,Female,46,161,Moderate,Cold,Officer,1.64,1.6,Good,7.1,0,0,17.7,Adequate
U0115,47,Female,63,174,High,Cold,Mechanic,3.68,2.5,Good,7.5,0,1,20.8,Adequate
U0116,49,Male,85,192,High,Hot,Chef,3.51,3.6,Good,7.1,2,1,23.1,Adequate
U0117,18,Female,88,161,Moderate,Cold,Journalist,2.65,3.0,Good,5.0,4,0,33.9,Adequate
U0118,50,Male,56,189,High,Cold,Engineer,2.62,2.2,Good,8.0,1,0,15.7,Adequate
U0119,55,Male,72,165,Low,Temperate,Chef,1.66,2.4,Good,7.8,3,3,26.4,Inadequate
U0120,53,Male,89,160,Moderate,Cold,Student,2.07,3.0,Good,5.4,0,2,34.8,Inadequate
U0121,38,Male,55,175,High,Temperate,Scientist,2.04,2.3,Poor,6.6,1,2,18.0,Adequate
U0122,32,Male,77,163,High,Cold,Officer,2.13,2.9,Good,6.3,1,3,29.0,Inadequate
U0123,23,Male,70,181,Low,Temperate,Student,1.44,2.3,Poor,5.7,2,0,21.4,Inadequate
U0124,22,Female,68,164,High,Hot,Consultant,3.29,3.0,Excellent,5.8,0,0,25.3,Adequate
U0125,60,Male,81,162,High,Hot,Sales,3.86,3.5,Excellent,5.1,4,0,30.9,Adequate
U0126,25,Male,103,173,Low,Temperate,Farmer,2.17,3.4,Good,5.2,0,1,34.4,Inadequate
U0127,22,Female,67,156,Low,Hot,Nurse,1.59,2.5,Poor,7.4,1,2,27.5,Inadequate
U0128,43,Female,73,155,High,Cold,Consultant,2.72,2.8,Good,7.5,0,2,30.4,Adequate
U0129,41,Male,65,166,High,Hot,Mechanic,3.62,2.9,Good,6.5,3,0,23.6,Adequate
U0130,43,Female,74,149,Low,Cold,Consultant,0.72,2.3,Excellent,7.6,3,2,33.3,Inadequate
U0131,36,Female,57,168,Moderate,Temperate,Engineer,1.58,2.1,Good,7.0,4,1,20.2,Inadequate
U0132,46,Female,45,161,High,Temperate,Journalist,2.87,2.0,Good,7.0,3,2,17.4,Adequate
U0133,24,Female,67,170,High,Cold,Scientist,3.08,2.6,Good,5.9,3,2,23.2,Adequate
U0134,41,Female,56,154,Moderate,Temperate,Scientist,1.8,2.0,Good,5.1,3,3,23.6,Adequate
U0135,35,Male,71,168,High,Cold,Teacher,2.59,2.7,Good,8.6,4,2,25.2,Adequate
U0136,31,Male,75,168,High,Cold,Farmer,3.13,2.9,Good,5.6,2,1,26.6,Adequate
U0137,45,Female,46,170,Moderate,Temperate,Consultant,2.27,1.7,Good,5.4,1,1,15.9,Adequate
U0138,23,Male,75,177,High,Cold,Retired,2.28,2.9,Good,6.1,4,1,23.9,Inadequate
U0139,42,Female,65,164,High,Temperate,Student,2.55,2.6,Poor,6.6,4,0,24.2,Adequate
U0140,50,Female,56,156,Moderate,Hot,Programmer,3.38,2.3,Excellent,6.4,3,3,23.0,Adequate
U0141,44,Female,72,161,Low,Hot,Driver,1.93,2.7,Excellent,6.5,3,0,27.8,Inadequate
U0142,31,Male,78,170,Low,Temperate,Engineer,2.4,2.6,Good,7.7,1,2,27.0,Adequate
U0143,36,Female,86,161,Moderate,Hot,Mechanic,2.85,3.3,Good,6.1,2,2,33.2,Adequate
U0144,25,Female,55,161,Low,Temperate,Manager,1.88,1.8,Excellent,6.7,1,0,21.2,Adequate
U0145,45,Female,60,170,Moderate,Temperate,Farmer,2.48,2.2,Excellent,6.3,4,1,20.8,Adequate
U0146,52,Male,87,172,Moderate,Temperate,Trainer,3.16,3.1,Excellent,6.7,2,1,29.4,Adequate
U0147,41,Male,82,186,Low,Hot,Manager,2.39,3.0,Good,7.0,3,3,23.7,Inadequate
U0148,50,Female,55,157,Moderate,Cold,Chef,1.26,1.9,Good,6.8,1,2,22.3,Inadequate
U0149,58,Female,45,168,High,Hot,Driver,3.21,2.3,Good,8.5,3,4,15.9,Adequate
U0150,47,Female,45,169,Moderate,Hot,Programmer,2.27,2.0,Poor,7.4,3,2,15.8,Adequate
U0151,42,Female,51,157,Moderate,Temperate,Sales,2.19,1.9,Poor,5.2,1,0,20.7,Adequate
U0152,28,Female,77,157,High,Temperate,Farmer,3.75,3.0,Excellent,6.5,2,0,31.2,Adequate
U0153,20,Male,78,168,Moderate,Temperate,Banker,3.62,2.8,Excellent,6.4,1,1,27.6,Adequate
U0154,26,Female,52,148,Moderate,Hot,Engineer,2.45,2.2,Good,6.6,2,0,23.7,Adequate
U0155,43,Male,46,168,Moderate,Hot,Mechanic,2.65,2.0,Good,7.1,2,0,16.3,Adequate
U0156,37,Male,71,167,Low,Cold,Doctor,1.17,2.2,Excellent,7.8,2,2,25.5,Inadequate
U0157,48,Male,82,174,Low,Hot,Professor,1.97,3.0,Good,5.8,0,2,27.1,Inadequate
U0158,52,Male,75,182,Low,Temperate,Lawyer,1.52,2.5,Good,4.2,1,3,22.6,Inadequate
U0159,18,Male,81,174,High,Hot,Driver,3.93,3.5,Excellent,7.7,0,1,26.8,Adequate
U0160,45,Female,62,153,Moderate,Hot,Athlete,3.03,2.5,Good,6.2,1,0,26.5,Adequate
U0161,21,Male,63,178,Low,Temperate,Manager,2.18,2.1,Good,6.5,3,1,19.9,Adequate
U0162,50,Female,53,174,Low,Temperate,Farmer,1.94,1.7,Excellent,6.3,1,2,17.5,Adequate
U0163,43,Female,46,153,High,Cold,Journalist,2.18,1.9,Poor,7.1,0,4,19.7,Adequate
U0164,33,Female,58,159,Low,Temperate,Scientist,1.49,1.9,Good,7.2,4,4,22.9,Inadequate
U0165,37,Male,61,178,High,Cold,Banker,2.28,2.4,Excellent,5.7,0,3,19.3,Adequate
U0166,28,Male,78,170,High,Cold,Farmer,2.44,3.0,Excellent,4.6,5,2,27.0,Inadequate
U0167,57,Female,62,164,Low,Temperate,Sales,1.63,2.0,Good,5.1,2,0,23.1,Inadequate
U0168,61,Male,104,164,Low,Hot,Trainer,2.59,3.7,Good,7.0,0,0,38.7,Inadequate
U0169,59,Female,54,152,Moderate,Temperate,Artist,1.53,2.0,Poor,7.9,0,0,23.4,Inadequate
U0170,55,Female,68,153,Moderate,Cold,Engineer,1.31,2.3,Poor,6.0,3,0,29.0,Inadequate
U0171,37,Female,59,159,Moderate,Temperate,Journalist,1.77,2.1,Excellent,6.8,2,0,23.3,Inadequate
U0172,56,Female,49,155,Moderate,Hot,Banker,1.88,2.1,Good,5.9,3,1,20.4,Adequate
U0173,51,Male,78,173,High,Cold,Officer,2.7,3.0,Good,4.0,0,2,26.1,Adequate
U0174,26,Male,74,170,Low,Temperate,Lawyer,1.9,2.4,Good,7.4,0,0,25.6,Inadequate
U0175,49,Female,80,150,High,Hot,Engineer,3.46,3.4,Poor,5.7,2,0,35.6,Adequate
U0176,43,Female,65,157,High,Temperate,Driver,3.7,2.6,Good,5.6,1,0,26.4,Adequate
U0177,25,Female,45,157,Low,Temperate,Engineer,1.77,1.5,Good,6.8,0,0,18.3,Adequate
U0178,33,Female,49,175,Moderate,Cold,Scientist,1.34,1.7,Good,5.2,1,0,16.0,Inadequate
U0179,59,Male,62,190,Low,Cold,Student,0.5,1.9,Good,8.8,2,0,17.2,Inadequate
U0180,55,Male,48,171,High,Hot,Scientist,2.83,2.4,Poor,6.9,3,0,16.4,Adequate
U0181,62,Male,90,166,Moderate,Temperate,Chef,2.77,3.2,Good,6.0,2,0,32.7,Adequate
U0182,38,Female,65,155,Low,Temperate,Scientist,1.6,2.1,Good,6.8,2,0,27.1,Inadequate
U0183,25,Male,66,170,Moderate,Temperate,Athlete,2.05,2.4,Poor,5.4,4,4,22.8,Adequate
U0184,43,Female,75,160,High,Temperate,Driver,1.91,3.0,Excellent,7.6,5,2,29.3,Inadequate
U0185,41,Male,74,171,Moderate,Cold,Trainer,1.95,2.5,Good,5.9,1,3,25.3,Inadequate
U0186,44,Female,58,160,Moderate,Hot,Manager,2.62,2.4,Excellent,8.4,1,1,22.7,Adequate
U0187,20,Male,57,172,Low,Cold,Engineer,1.46,1.8,Good,7.9,1,0,19.3,Inadequate
U0188,36,Male,79,167,High,Hot,Programmer,3.46,3.4,Good,5.5,2,0,28.3,Adequate
U0189,40,Female,68,157,Low,Temperate,Farmer,1.08,2.2,Good,6.7,5,2,27.6,Inadequate
U0190,30,Male,77,183,Moderate,Hot,Programmer,3.47,3.0,Poor,5.2,1,0,23.0,Adequate
U0191,62,Female,83,157,High,Cold,Developer,3.11,3.1,Excellent,4.6,0,0,33.7,Adequate
U0192,47,Male,77,167,High,Hot,Journalist,3.38,3.3,Good,7.3,0,1,27.6,Adequate
U0193,37,Female,53,168,Moderate,Temperate,Doctor,2.62,1.9,Excellent,5.5,1,0,18.8,Adequate
U0194,56,Female,64,171,Moderate,Cold,Chef,1.01,2.2,Poor,7.1,0,4,21.9,Inadequate
U0195,32,Female,45,148,High,Cold,Manager,2.59,1.9,Poor,4.0,0,0,20.5,Adequate
U0196,21,Female,55,155,High,Hot,Nurse,3.86,2.6,Good,5.8,3,3,22.9,Adequate
U0197,41,Female,70,155,High,Cold,Lawyer,2.36,2.7,Poor,7.3,4,0,29.1,Adequate
U0198,51,Male,86,171,Moderate,Cold,Engineer,2.39,2.9,Excellent,7.6,0,1,29.4,Inadequate
U0199,31,Female,67,174,Moderate,Cold,Officer,1.3,2.3,Good,6.2,2,3,22.1,Inadequate
U0200,42,Male,93,175,Low,Hot,Engineer,2.91,3.4,Excellent,7.5,2,0,30.4,Adequate
U0201,55,Female,50,160,High,Temperate,Doctor,2.04,2.2,Excellent,6.2,0,3,19.5,Adequate
U0202,41,Female,59,149,High,Temperate,Scientist,3.31,2.4,Good,6.7,1,0,26.6,Adequate
U0203,21,Female,57,161,High,Hot,Engineer,2.84,2.7,Poor,7.2,4,0,22.0,Adequate
U0204,59,Male,70,176,Moderate,Cold,Trainer,1.85,2.4,Excellent,5.6,3,0,22.6,Inadequate
U0205,38,Female,64,154,Low,Temperate,Journalist,1.6,2.1,Good,7.1,3,0,27.0,Inadequate
U0206,57,Female,48,153,Low,Cold,Doctor,0.51,1.5,Good,7.6,1,3,20.5,Inadequate
U0207,39,Male,64,170,Low,Hot,Nurse,1.97,2.4,Good,5.4,1,0,22.1,Inadequate
U0208,30,Female,56,169,High,Temperate,Lawyer,2.9,2.3,Poor,4.0,2,2,19.6,Adequate
U0209,37,Male,83,176,Low,Hot,Manager,2.66,3.0,Poor,6.9,2,1,26.8,Adequate
U0210,19,Female,60,157,Moderate,Hot,Teacher,3.71,2.5,Excellent,6.0,1,0,24.3,Adequate
U0211,43,Female,45,156,Low,Hot,Trainer,1.48,1.8,Poor,7.0,1,3,18.5,Inadequate
U0212,54,Female,64,145,High,Cold,Doctor,3.03,2.5,Good,6.3,2,0,30.4,Adequate
U0213,37,Male,84,191,Low,Cold,Athlete,1.69,2.7,Good,6.2,3,1,23.0,Inadequate
U0214,25,Female,56,155,Moderate,Hot,Developer,2.98,2.3,Good,6.3,3,3,23.3,Adequate
U0215,36,Female,59,167,High,Cold,Officer,2.09,2.3,Poor,6.1,1,1,21.2,Adequate
U0216,34,Male,81,171,Moderate,Temperate,Student,2.43,2.9,Excellent,6.2,3,4,27.7,Inadequate
U0217,31,Male,78,175,High,Temperate,Driver,3.01,3.1,Good,9.1,0,3,25.5,Adequate
U0218,44,Female,67,166,Low,Temperate,Athlete,1.22,2.2,Good,6.9,2,0,24.3,Inadequate
U0219,52,Male,71,178,High,Cold,Banker,2.27,2.7,Excellent,5.5,1,0,22.4,Inadequate
U0220,40,Female,68,165,Moderate,Temperate,Journalist,2.17,2.4,Good,7.2,1,0,25.0,Adequate
U0221,23,Female,49,151,Low,Hot,Lawyer,2.19,1.9,Poor,8.7,0,0,21.5,Adequate
U0222,39,Female,56,164,Moderate,Cold,Farmer,1.6,1.9,Good,7.8,2,0,20.8,Inadequate
U0223,36,Female,59,173,High,Cold,Engineer,1.96,2.3,Poor,5.7,0,0,19.7,Adequate
U0224,27,Male,69,169,Moderate,Temperate,Developer,2.18,2.5,Excellent,7.8,3,4,24.2,Adequate
U0225,23,Male,91,176,High,Temperate,Journalist,3.55,3.5,Good,4.8,4,2,29.4,Adequate
U0226,27,Female,61,159,Low,Cold,Student,0.5,1.9,Good,6.5,0,3,24.1,Inadequate
U0227,60,Male,87,173,Moderate,Hot,Doctor,2.97,3.4,Poor,5.2,1,0,29.1,Adequate
U0228,29,Female,82,172,Moderate,Temperate,Student,1.9,2.9,Poor,4.8,1,1,27.7,Inadequate
U0229,47,Male,74,166,Moderate,Hot,Chef,2.93,2.9,Poor,5.6,1,0,26.9,Adequate
U0230,38,Female,80,157,Low,Temperate,Athlete,1.5,2.6,Good,5.6,2,0,32.5,Inadequate
U0231,56,Male,74,192,Moderate,Cold,Officer,1.03,2.5,Poor,7.3,4,1,20.1,Inadequate
U0232,43,Male,84,172,Moderate,Temperate,Nurse,2.24,3.0,Good,6.7,1,3,28.4,Inadequate
U0233,37,Male,96,184,Low,Temperate,Consultant,1.19,3.2,Good,5.5,1,0,28.4,Inadequate
U0234,53,Male,71,177,High,Cold,Nurse,2.81,2.7,Excellent,7.0,1,1,22.7,Adequate
U0235,36,Female,70,167,High,Hot,Programmer,4.56,3.1,Excellent,5.0,5,0,25.1,Adequate
U0236,25,Female,76,155,Moderate,Cold,Farmer,1.77,2.6,Good,6.7,4,1,31.6,Inadequate
U0237,26,Male,93,186,High,Cold,Scientist,3.27,3.5,Good,6.6,4,0,26.9,Adequate
U0238,55,Male,72,165,Moderate,Temperate,Doctor,2.41,2.6,Excellent,6.0,2,2,26.4,Adequate
U0239,35,Male,59,162,High,Temperate,Lawyer,2.62,2.4,Good,6.2,2,0,22.5,Adequate
U0240,50,Male,102,186,High,Temperate,Sales,2.66,3.9,Poor,6.5,1,3,29.5,Inadequate
U0241,59,Male,63,171,Moderate,Cold,Consultant,1.16,2.2,Good,5.6,1,0,21.5,Inadequate
U0242,37,Male,67,187,Moderate,Hot,Scientist,3.58,2.7,Excellent,9.0,0,1,19.2,Adequate
U0243,38,Female,54,180,High,Cold,Sales,1.98,2.2,Good,7.5,1,2,16.7,Adequate
U0244,63,Female,80,152,Low,Temperate,Banker,2.22,2.6,Excellent,7.3,1,0,34.6,Adequate
U0245,28,Male,88,166,Moderate,Temperate,Journalist,2.27,3.1,Poor,7.0,0,2,31.9,Inadequate
U0246,32,Female,51,158,Low,Temperate,Artist,1.36,1.7,Good,7.6,1,3,20.4,Inadequate
U0247,56,Female,50,156,Low,Hot,Retired,2.34,2.0,Excellent,6.0,3,1,20.5,Adequate
U0248,45,Male,84,171,High,Temperate,Driver,2.97,3.3,Poor,6.5,1,1,28.7,Adequate
U0249,50,Female,61,168,Moderate,Temperate,Artist,2.37,2.2,Excellent,5.4,1,3,21.6,Adequate
U0250,59,Female,54,166,Moderate,Hot,Consultant,2.6,2.3,Excellent,4.9,3,2,19.6,Adequate
U0251,61,Female,68,147,Moderate,Temperate,Lawyer,1.39,2.4,Good,6.7,4,1,31.5,Inadequate
U0252,47,Male,83,166,Moderate,Temperate,Driver,2.13,2.9,Good,5.5,5,4,30.1,Inadequate
U0253,33,Male,71,179,Moderate,Temperate,Programmer,2.16,2.5,Good,7.5,3,0,22.2,Adequate
U0254,60,Male,69,171,Low,Temperate,Journalist,1.76,2.3,Excellent,6.7,1,0,23.6,Inadequate
U0255,49,Female,60,156,High,Temperate,Developer,2.26,2.5,Good,6.5,2,0,24.7,Adequate
U0256,62,Female,60,155,High,Cold,Doctor,1.34,2.4,Good,5.5,3,3,25.0,Inadequate
U0257,54,Female,61,145,Moderate,Hot,Teacher,2.06,2.5,Good,7.9,3,2,29.0,Inadequate
U0258,34,Male,74,181,Moderate,Cold,Artist,1.66,2.5,Poor,6.5,1,1,22.6,Inadequate
U0259,55,Female,57,172,High,Cold,Banker,1.95,2.3,Excellent,6.6,5,4,19.3,Inadequate
U0260,35,Male,67,172,High,Hot,Banker,2.58,3.0,Poor,5.3,4,1,22.6,Adequate
U0261,40,Female,53,162,Low,Temperate,Consultant,1.33,1.7,Poor,8.1,2,0,20.2,Inadequate
U0262,61,Female,58,167,Moderate,Temperate,Professor,1.99,2.1,Poor,6.0,2,0,20.8,Adequate
U0263,59,Male,65,157,Moderate,Temperate,Scientist,2.62,2.3,Excellent,6.2,2,0,26.4,Adequate
U0264,25,Male,86,187,Moderate,Hot,Consultant,3.14,3.3,Excellent,6.3,2,2,24.6,Adequate
U0265,30,Female,57,158,Moderate,Cold,Programmer,1.12,2.0,Poor,4.7,2,2,22.8,Inadequate
U0266,61,Female,94,157,Low,Temperate,Mechanic,2.05,3.1,Excellent,5.2,0,0,38.1,Inadequate
U0267,30,Female,52,151,Moderate,Cold,Farmer,1.45,1.8,Excellent,6.5,4,0,22.8,Inadequate
U0268,43,Male,83,172,Low,Temperate,Officer,2.22,2.7,Excellent,5.8,2,0,28.1,Inadequate
U0269,57,Male,73,171,Low,Temperate,Athlete,1.24,2.4,Poor,6.1,2,3,25.0,Inadequate
U0270,55,Male,106,172,High,Temperate,Lawyer,3.89,4.0,Excellent,4.8,1,0,35.8,Adequate
U0271,48,Female,56,152,High,Temperate,Mechanic,2.2,2.3,Good,6.4,3,2,24.2,Adequate
U0272,25,Male,73,161,High,Hot,Doctor,3.78,3.2,Good,7.4,1,2,28.2,Adequate
U0273,46,Male,94,172,High,Temperate,Doctor,2.04,3.6,Good,6.8,3,2,31.8,Inadequate
U0274,32,Female,64,153,Moderate,Temperate,Trainer,2.59,2.3,Good,5.7,0,2,27.3,Adequate
U0275,19,Female,88,159,Low,Cold,Teacher,1.18,2.8,Good,7.3,5,0,34.8,Inadequate
U0276,63,Female,58,159,Moderate,Temperate,Artist,2.05,2.1,Good,6.6,3,3,22.9,Adequate
U0277,45,Female,55,169,Moderate,Cold,Programmer,2.24,1.9,Good,6.6,1,1,19.3,Adequate
U0278,29,Female,57,173,Low,Cold,Developer,1.05,1.8,Good,7.7,2,0,19.0,Inadequate
U0279,28,Female,76,165,Moderate,Hot,Journalist,2.51,3.0,Poor,5.5,2,0,27.9,Inadequate
U0280,50,Male,79,176,Moderate,Hot,Farmer,3.05,3.1,Good,8.4,3,2,25.5,Adequate
U0281,20,Male,78,162,High,Temperate,Manager,2.88,3.1,Poor,6.9,5,1,29.7,Adequate
U0282,48,Male,71,189,High,Hot,Scientist,3.57,3.1,Good,5.0,0,2,19.9,Adequate
U0283,30,Male,88,192,Moderate,Cold,Farmer,1.79,3.0,Good,8.3,4,1,23.9,Inadequate
U0284,57,Male,80,175,Low,Temperate,Scientist,1.53,2.6,Good,6.9,3,1,26.1,Inadequate
U0285,41,Male,79,179,Low,Hot,Sales,3.5,2.9,Excellent,6.3,0,0,24.7,Adequate
U0286,35,Female,65,150,Moderate,Temperate,Chef,1.39,2.3,Poor,6.8,4,0,28.9,Inadequate
U0287,32,Male,53,164,Moderate,Temperate,Chef,2.51,1.9,Good,9.1,4,1,19.7,Adequate
U0288,19,Female,66,156,High,Temperate,Chef,2.96,2.7,Excellent,9.3,4,0,27.1,Adequate
U0289,27,Male,59,167,Low,Hot,Trainer,2.43,2.2,Excellent,4.7,1,0,21.2,Adequate
U0290,18,Female,73,169,Low,Cold,Retired,1.15,2.3,Good,6.4,1,2,25.6,Inadequate
U0291,26,Female,62,163,High,Temperate,Officer,2.26,2.5,Good,5.7,3,4,23.3,Adequate
U0292,44,Female,73,165,High,Hot,Chef,3.03,3.2,Poor,5.2,3,2,26.8,Adequate
U0293,18,Female,72,168,Moderate,Temperate,Engineer,2.63,2.6,Excellent,7.2,3,4,25.5,Adequate
U0294,58,Female,68,161,Moderate,Cold,Artist,0.5,2.3,Poor,6.8,4,0,26.2,Inadequate
U0295,35,Male,75,162,High,Temperate,Manager,2.73,3.0,Excellent,4.0,3,0,28.6,Adequate
U0296,50,Male,83,182,Moderate,Hot,Professor,2.53,3.2,Poor,7.4,1,2,25.1,Inadequate
U0297,49,Female,49,153,Low,Temperate,Developer,1.03,1.6,Poor,7.1,0,0,20.9,Inadequate
U0298,22,Female,77,160,High,Cold,Mechanic,2.12,2.9,Excellent,8.8,5,2,30.1,Inadequate
U0299,38,Male,69,166,Moderate,Hot,Farmer,3.75,2.8,Excellent,8.5,2,4,25.0,Adequate
U0300,38,Male,77,174,Moderate,Hot,Driver,3.78,3.0,Excellent,5.7,2,0,25.4,Adequate
U0301,43,Female,68,161,Moderate,Temperate,Teacher,1.32,2.4,Poor,6.0,4,1,26.2,Inadequate
U0302,24,Male,92,177,Moderate,Cold,Journalist,2.26,3.1,Poor,4.3,2,2,29.4,Inadequate
U0303,63,Male,72,173,Low,Temperate,Journalist,0.93,2.4,Poor,8.2,1,1,24.1,Inadequate
U0304,33,Male,59,178,High,Hot,Lawyer,3.2,2.7,Good,4.2,4,1,18.6,Adequate
U0305,34,Female,45,174,Low,Temperate,Consultant,0.92,1.5,Good,6.7,2,3,14.9,Inadequate
U0306,38,Female,78,169,High,Temperate,Farmer,3.25,3.1,Excellent,7.9,1,0,27.3,Adequate
U0307,51,Female,59,169,High,Cold,Farmer,2.88,2.3,Good,6.9,0,0,20.7,Adequate
U0308,55,Male,81,174,Low,Temperate,Athlete,1.04,2.7,Good,5.7,3,3,26.8,Inadequate
U0309,42,Male,73,175,Moderate,Temperate,Retired,1.96,2.6,Poor,6.0,2,1,23.8,Inadequate
U0310,40,Female,83,167,Moderate,Temperate,Chef,2.48,2.9,Excellent,6.6,3,0,29.8,Adequate
U0311,25,Female,56,158,Low,Temperate,Developer,1.79,1.8,Excellent,7.1,4,1,22.4,Adequate
U0312,43,Female,62,159,High,Hot,Lawyer,3.75,2.8,Poor,6.5,0,0,24.5,Adequate
U0313,60,Female,55,155,Low,Hot,Banker,2.4,2.1,Excellent,6.6,3,2,22.9,Adequate
U0314,22,Male,82,159,Moderate,Hot,Athlete,3.51,3.2,Excellent,5.9,2,4,32.4,Adequate
U0315,51,Female,56,158,Low,Hot,Engineer,2.15,2.1,Good,6.5,0,1,22.4,Adequate
U0316,38,Female,55,168,Moderate,Temperate,Developer,1.58,2.0,Good,7.2,2,3,19.5,Inadequate
U0317,44,Male,55,172,High,Temperate,Doctor,2.96,2.3,Good,5.5,2,2,18.6,Adequate
U0318,57,Female,69,162,Moderate,Cold,Farmer,1.28,2.4,Poor,6.0,0,1,26.3,Inadequate
U0319,45,Female,50,162,Low,Cold,Mechanic,1.29,1.6,Excellent,8.2,0,1,19.1,Inadequate
U0320,62,Female,62,154,Moderate,Cold,Nurse,1.75,2.1,Poor,7.6,1,0,26.1,Inadequate
U0321,34,Female,62,172,Moderate,Temperate,Artist,1.72,2.2,Poor,4.4,1,0,21.0,Inadequate
U0322,61,Female,75,168,Moderate,Temperate,Scientist,2.64,2.7,Good,5.5,2,0,26.6,Adequate
U0323,47,Male,69,173,High,Hot,Athlete,3.15,3.1,Good,4.0,1,3,23.1,Adequate
U0324,37,Female,67,157,Moderate,Cold,Teacher,1.5,2.3,Good,7.1,3,0,27.2,Inadequate
U0325,44,Male,64,173,Moderate,Temperate,Trainer,1.88,2.3,Poor,7.0,1,0,21.4,Inadequate
U0326,55,Male,80,162,Moderate,Hot,Manager,2.65,3.1,Poor,6.2,2,0,30.5,Adequate
U0327,38,Female,54,154,Low,Temperate,Chef,1.71,1.8,Excellent,5.0,1,1,22.8,Adequate
U0328,25,Female,58,164,Low,Hot,Lawyer,2.17,2.2,Good,4.5,2,1,21.6,Adequate
U0329,31,Female,60,155,Low,Cold,Nurse,0.97,1.9,Good,4.9,2,3,25.0,Inadequate
U0330,21,Male,80,179,Moderate,Cold,Nurse,1.62,2.7,Poor,7.1,0,1,25.0,Inadequate
U0331,52,Male,71,176,Moderate,Hot,Student,1.89,2.8,Poor,6.9,5,2,22.9,Inadequate
U0332,19,Female,45,154,High,Cold,Farmer,1.9,1.9,Good,5.4,2,2,19.0,Adequate
U0333,43,Female,68,165,Moderate,Temperate,Officer,2.0,2.4,Good,6.5,1,0,25.0,Inadequate
U0334,60,Male,70,171,Moderate,Hot,Manager,2.78,2.8,Excellent,8.3,4,1,23.9,Adequate
U0335,51,Male,72,172,Low,Cold,Banker,0.56,2.3,Poor,7.5,1,3,24.3,Inadequate
U0336,26,Female,65,158,Low,Hot,Retired,3.0,2.4,Good,7.1,1,1,26.0,Adequate
U0337,48,Female,55,160,Moderate,Hot,Programmer,2.53,2.3,Good,6.7,4,2,21.5,Adequate
U0338,44,Male,75,172,Moderate,Temperate,Scientist,2.98,2.7,Excellent,8.0,3,1,25.4,Adequate
U0339,35,Female,51,166,Moderate,Cold,Nurse,1.95,1.8,Good,7.7,1,2,18.5,Adequate
U0340,51,Male,83,152,Low,Cold,Programmer,1.57,2.6,Good,5.7,0,2,35.9,Inadequate
U0341,34,Female,56,158,Low,Temperate,Journalist,1.58,1.8,Good,5.9,0,0,22.4,Adequate
U0342,25,Female,78,178,Low,Hot,Chef,2.73,2.9,Poor,7.1,2,3,24.6,Adequate
U0343,39,Male,56,168,Moderate,Temperate,Lawyer,2.34,2.0,Good,7.3,2,3,19.8,Adequate
U0344,48,Male,75,184,High,Temperate,Sales,3.57,3.0,Excellent,8.4,0,0,22.2,Adequate
U0345,23,Female,73,147,Low,Temperate,Scientist,1.33,2.4,Good,8.5,5,1,33.8,Inadequate
U0346,33,Male,66,178,Moderate,Temperate,Engineer,2.77,2.4,Excellent,5.8,1,1,20.8,Adequate
U0347,33,Male,78,160,Moderate,Cold,Doctor,1.0,2.7,Good,7.5,2,0,30.5,Inadequate
U0348,25,Male,63,178,Moderate,Hot,Athlete,1.55,2.6,Poor,4.3,5,4,19.9,Inadequate
U0349,44,Male,70,177,High,Temperate,Doctor,3.31,2.8,Good,8.4,3,3,22.3,Adequate
U0350,23,Female,53,152,Moderate,Cold,Doctor,2.61,1.8,Good,7.6,2,0,22.9,Adequate
U0351,34,Male,87,174,Moderate,Hot,Driver,2.69,3.4,Poor,6.1,0,0,28.7,Inadequate
U0352,18,Female,51,152,Moderate,Hot,Teacher,2.97,2.2,Good,5.9,3,1,22.1,Adequate
U0353,58,Male,93,167,High,Temperate,Mechanic,2.87,3.6,Excellent,7.0,3,1,33.3,Inadequate
U0354,64,Male,83,182,Low,Cold,Chef,0.64,2.6,Poor,6.5,1,0,25.1,Inadequate
U0355,50,Male,77,160,High,Cold,Developer,2.75,2.9,Excellent,6.5,3,0,30.1,Adequate
U0356,50,Male,76,176,Moderate,Temperate,Chef,2.47,2.7,Poor,6.1,1,0,24.5,Adequate
U0357,45,Male,65,169,High,Temperate,Programmer,1.85,2.6,Poor,4.7,3,1,22.8,Inadequate
U0358,29,Male,56,176,High,Temperate,Professor,2.1,2.3,Poor,6.8,1,2,18.1,Adequate
U0359,22,Male,71,182,Moderate,Temperate,Professor,1.62,2.5,Good,5.3,5,2,21.4,Inadequate
U0360,63,Male,105,182,Moderate,Cold,Engineer,2.09,3.6,Good,4.9,1,3,31.7,Inadequate
U0361,24,Female,68,175,High,Temperate,Nurse,3.27,2.7,Good,6.4,3,3,22.2,Adequate
U0362,33,Female,64,158,High,Temperate,Journalist,2.83,2.6,Good,8.1,2,0,25.6,Adequate
U0363,54,Male,96,178,Moderate,Cold,Retired,1.74,3.3,Good,4.9,0,3,30.3,Inadequate
U0364,39,Female,59,152,Moderate,Temperate,Mechanic,1.81,2.1,Good,5.1,1,2,25.5,Adequate
U0365,19,Female,66,164,Moderate,Temperate,Student,2.02,2.4,Good,6.5,1,0,24.5,Inadequate
U0366,21,Female,59,163,High,Temperate,Student,3.33,2.4,Good,9.2,2,0,22.2,Adequate
U0367,55,Male,56,193,Low,Cold,Developer,0.5,1.7,Good,5.8,4,1,15.0,Inadequate
U0368,48,Male,89,169,High,Cold,Engineer,2.37,3.3,Poor,7.6,4,0,31.2,Inadequate
U0369,30,Male,66,173,Low,Cold,Banker,2.17,2.1,Excellent,8.0,1,1,22.1,Adequate
U0370,22,Female,66,158,Low,Hot,Journalist,2.67,2.5,Excellent,8.3,1,0,26.4,Adequate
U0371,28,Male,89,172,Moderate,Cold,Engineer,2.24,3.0,Excellent,7.0,1,1,30.1,Inadequate
U0372,45,Male,82,172,Low,Temperate,Student,2.26,2.7,Excellent,7.2,2,4,27.7,Inadequate
U0373,54,Male,71,168,Low,Hot,Athlete,2.36,2.6,Good,7.4,2,1,25.2,Adequate
U0374,25,Female,65,161,Low,Temperate,Doctor,1.45,2.1,Good,7.0,2,3,25.1,Inadequate
U0375,62,Male,45,179,Moderate,Cold,Engineer,2.07,1.6,Excellent,5.8,2,2,14.0,Adequate
U0376,43,Female,73,161,Low,Hot,Engineer,2.09,2.7,Good,6.6,1,1,28.2,Inadequate
U0377,52,Male,75,171,Low,Hot,Retired,1.98,2.8,Good,6.3,0,0,25.6,Inadequate
U0378,38,Male,69,163,High,Cold,Athlete,3.34,2.7,Excellent,7.5,0,0,26.0,Adequate
U0379,52,Male,73,173,High,Cold,Trainer,2.55,2.8,Poor,5.9,2,3,24.4,Adequate
U0380,33,Female,72,165,High,Temperate,Nurse,2.75,2.9,Excellent,5.7,2,3,26.4,Adequate
U0381,39,Female,46,152,Moderate,Temperate,Journalist,1.5,1.7,Good,5.7,4,1,19.9,Adequate
U0382,55,Male,74,180,Low,Hot,Trainer,2.69,2.7,Good,6.5,1,0,22.8,Adequate
U0383,34,Female,69,173,Low,Cold,Driver,0.65,2.2,Good,5.4,4,1,23.1,Inadequate
U0384,58,Male,78,182,Moderate,Cold,Driver,1.38,2.7,Poor,6.7,2,0,23.5,Inadequate
U0385,33,Female,46,169,Low,Temperate,Manager,1.0,1.5,Excellent,7.4,4,0,16.1,Inadequate
U0386,51,Female,69,166,Low,Cold,Driver,0.96,2.2,Excellent,6.7,3,2,25.0,Inadequate
U0387,42,Male,80,154,High,Hot,Consultant,4.16,3.4,Poor,8.6,1,1,33.7,Adequate
U0388,25,Male,50,196,Moderate,Hot,Teacher,2.65,2.2,Good,8.2,2,1,13.0,Adequate
U0389,51,Female,64,171,Low,Hot,Farmer,2.39,2.4,Good,7.9,4,0,21.9,Adequate
U0390,22,Female,51,168,High,Hot,Student,4.29,2.5,Poor,7.4,0,1,18.1,Adequate
U0391,26,Male,59,171,Moderate,Temperate,Journalist,1.7,2.1,Good,6.1,0,4,20.2,Inadequate
U0392,50,Male,93,163,Low,Hot,Student,1.94,3.4,Good,6.8,0,0,35.0,Inadequate
U0393,36,Male,80,180,Moderate,Temperate,Manager,2.51,2.8,Good,6.8,0,1,24.7,Adequate
U0394,49,Male,100,172,High,Temperate,Mechanic,3.3,3.8,Poor,9.3,1,1,33.8,Adequate
U0395,36,Female,59,173,Low,Cold,Engineer,0.5,1.8,Good,6.6,2,1,19.7,Inadequate
U0396,21,Male,73,161,Low,Cold,Chef,2.03,2.3,Excellent,7.6,2,0,28.2,Adequate
U0397,49,Female,65,158,High,Temperate,Mechanic,2.7,2.6,Poor,7.4,1,1,26.0,Adequate
U0398,21,Male,89,179,Low,Hot,Teacher,2.05,3.2,Good,5.8,1,3,27.8,Inadequate
U0399,18,Female,73,167,Low,Hot,Professor,2.96,2.7,Good,7.2,5,1,26.2,Adequate
U0400,21,Male,69,177,Low,Temperate,Chef,1.5,2.3,Poor,4.7,0,2,22.0,Inadequate
U0401,51,Female,68,160,Low,Cold,Developer,0.5,2.1,Good,6.1,4,0,26.6,Inadequate
U0402,45,Female,72,163,Low,Temperate,Manager,1.8,2.4,Excellent,7.0,0,2,27.1,Inadequate
U0403,33,Male,74,176,Low,Temperate,Athlete,1.98,2.4,Good,6.4,3,0,23.9,Inadequate
U0404,40,Male,93,165,High,Hot,Developer,4.1,3.9,Excellent,6.8,1,0,34.2,Adequate
U0405,60,Female,55,157,Low,Temperate,Engineer,1.01,1.8,Good,6.6,2,1,22.3,Inadequate
U0406,38,Female,62,166,Moderate,Cold,Chef,2.14,2.1,Good,5.9,1,2,22.5,Adequate
U0407,49,Female,51,148,Low,Cold,Artist,0.86,1.6,Poor,6.9,2,1,23.3,Inadequate
U0408,27,Female,53,165,High,Hot,Farmer,3.39,2.5,Good,5.0,2,0,19.5,Adequate
U0409,42,Female,59,157,Moderate,Hot,Retired,2.9,2.4,Good,7.9,1,0,23.9,Adequate
U0410,52,Female,47,169,Low,Temperate,Teacher,0.58,1.6,Good,6.8,0,0,16.5,Inadequate
U0411,43,Female,69,153,High,Cold,Scientist,2.23,2.7,Poor,6.5,0,3,29.5,Inadequate
U0412,37,Female,72,153,Low,Temperate,Chef,1.41,2.4,Good,5.5,1,3,30.8,Inadequate
U0413,47,Female,76,156,High,Temperate,Farmer,2.97,3.0,Excellent,5.7,3,1,31.2,Adequate
U0414,44,Male,81,188,Low,Hot,Journalist,2.06,3.0,Poor,9.3,2,1,22.9,Inadequate
U0415,53,Male,98,175,High,Temperate,Farmer,2.64,3.7,Poor,6.7,0,0,32.0,Inadequate
U0416,55,Female,50,161,Moderate,Hot,Mechanic,2.51,2.2,Poor,6.4,2,2,19.3,Adequate
U0417,32,Female,57,152,Moderate,Cold,Doctor,2.51,2.0,Good,4.8,3,0,24.7,Adequate
U0418,57,Male,97,178,Moderate,Hot,Driver,2.49,3.7,Poor,7.1,2,2,30.6,Inadequate
U0419,38,Female,56,152,Low,Hot,Sales,2.9,2.1,Excellent,7.1,3,0,24.2,Adequate
U0420,36,Female,66,153,High,Cold,Scientist,1.41,2.6,Good,4.5,2,0,28.2,Inadequate
U0421,20,Female,70,172,Low,Hot,Farmer,1.85,2.6,Poor,6.8,4,2,23.7,Inadequate
U0422,29,Male,75,166,Low,Temperate,Manager,1.54,2.5,Good,6.2,2,2,27.2,Inadequate
U0423,52,Male,84,177,High,Hot,Chef,3.25,3.6,Good,6.3,3,2,26.8,Adequate
U0424,21,Male,67,175,Low,Hot,Student,2.35,2.5,Good,7.0,2,3,21.9,Adequate
U0425,49,Female,65,157,Low,Cold,Teacher,0.73,2.0,Good,7.1,2,0,26.4,Inadequate
U0426,28,Male,79,170,High,Cold,Retired,2.68,3.0,Good,6.0,0,1,27.3,Adequate
U0427,42,Female,54,168,Low,Temperate,Manager,1.89,1.8,Good,7.8,0,0,19.1,Adequate
U0428,21,Female,47,159,Low,Cold,Mechanic,0.5,1.5,Good,5.2,2,0,18.6,Inadequate
U0429,36,Female,66,156,Low,Temperate,Professor,0.5,2.2,Poor,6.5,3,2,27.1,Inadequate
U0430,63,Female,80,153,High,Cold,Artist,2.31,3.0,Poor,8.4,1,2,34.2,Inadequate
U0431,54,Male,62,171,Moderate,Temperate,Teacher,1.52,2.2,Poor,6.4,3,2,21.2,Inadequate
U0432,33,Female,67,161,High,Cold,Developer,2.5,2.6,Excellent,7.0,0,2,25.8,Adequate
U0433,21,Female,64,154,High,Hot,Programmer,3.02,2.9,Good,5.5,2,2,27.0,Adequate
U0434,52,Female,52,170,Moderate,Temperate,Officer,2.42,1.9,Excellent,5.3,1,1,18.0,Adequate
U0435,26,Male,66,183,Moderate,Temperate,Mechanic,2.87,2.4,Good,7.0,1,3,19.7,Adequate
U0436,58,Female,57,158,Low,Cold,Artist,0.5,1.8,Poor,5.9,1,3,22.8,Inadequate
U0437,64,Female,53,160,Moderate,Hot,Developer,2.04,2.2,Poor,6.4,4,1,20.7,Adequate
U0438,54,Male,82,171,Moderate,Temperate,Manager,2.28,2.9,Good,7.5,2,2,28.0,Inadequate
U0439,29,Male,77,185,Moderate,Hot,Programmer,3.04,3.0,Poor,7.1,0,1,22.5,Adequate
U0440,52,Male,45,172,High,Cold,Journalist,3.03,1.9,Excellent,6.9,3,0,15.2,Adequate
U0441,47,Male,63,176,Moderate,Hot,Retired,3.35,2.6,Poor,6.7,1,0,20.3,Adequate
U0442,24,Male,84,169,Low,Hot,Lawyer,1.81,3.1,Poor,7.3,2,2,29.4,Inadequate
U0443,29,Male,55,155,Moderate,Hot,Lawyer,2.84,2.3,Poor,7.9,0,1,22.9,Adequate
U0444,27,Female,55,170,Low,Temperate,Doctor,1.12,1.8,Good,5.5,2,0,19.0,Inadequate
U0445,51,Male,60,193,Moderate,Cold,Journalist,1.5,2.1,Poor,4.5,1,1,16.1,Inadequate
U0446,64,Female,73,170,Moderate,Hot,Developer,3.23,2.9,Good,7.5,3,2,25.3,Adequate
U0447,20,Male,74,170,Low,Hot,Farmer,1.8,2.7,Poor,5.9,3,4,25.6,Inadequate
U0448,30,Male,68,167,Low,Hot,Sales,2.98,2.5,Good,6.3,0,0,24.4,Adequate
U0449,47,Female,65,150,Low,Cold,Banker,1.18,2.0,Excellent,4.2,1,0,28.9,Inadequate
U0450,48,Female,63,154,High,Temperate,Scientist,2.96,2.6,Poor,5.6,0,3,26.6,Adequate
U0451,48,Male,90,181,Moderate,Temperate,Doctor,2.98,3.2,Good,6.6,1,0,27.5,Adequate
U0452,48,Male,52,177,High,Hot,Scientist,3.35,2.5,Good,5.7,1,1,16.6,Adequate
U0453,18,Female,52,151,Low,Hot,Scientist,2.68,2.0,Excellent,6.7,1,0,22.8,Adequate
U0454,63,Male,65,169,High,Hot,Trainer,2.95,2.9,Poor,4.4,4,1,22.8,Adequate
U0455,63,Male,78,163,High,Temperate,Nurse,2.59,3.1,Good,6.5,2,0,29.4,Inadequate
U0456,20,Female,57,158,High,Cold,Officer,1.8,2.3,Good,4.8,1,4,22.8,Inadequate
U0457,61,Male,78,169,High,Cold,Professor,2.67,3.0,Good,9.2,1,1,27.3,Adequate
U0458,54,Female,72,157,Low,Hot,Programmer,2.73,2.7,Good,9.0,0,0,29.2,Adequate
U0459,41,Female,76,161,Moderate,Hot,Retired,3.14,3.0,Good,6.2,0,0,29.3,Adequate
U0460,38,Female,58,162,Low,Cold,Professor,1.15,1.8,Excellent,6.7,3,0,22.1,Inadequate
U0461,29,Male,65,175,Low,Cold,Banker,1.2,2.0,Good,6.0,2,0,21.2,Inadequate
U0462,29,Male,79,169,Moderate,Hot,Chef,3.18,3.1,Good,7.4,3,0,27.7,Adequate
U0463,34,Male,60,186,Moderate,Cold,Banker,1.45,2.1,Good,5.6,5,0,17.3,Inadequate
U0464,41,Female,51,163,Moderate,Temperate,Mechanic,2.29,1.9,Good,7.1,0,2,19.2,Adequate
U0465,55,Male,83,153,High,Hot,Sales,3.63,3.5,Poor,5.6,0,1,35.5,Adequate
U0466,57,Female,55,179,High,Hot,Retired,2.58,2.6,Poor,5.4,2,1,17.2,Adequate
U0467,34,Female,69,156,Moderate,Temperate,Chef,2.34,2.5,Excellent,5.4,0,0,28.4,Adequate
U0468,53,Female,58,156,High,Cold,Chef,2.53,2.3,Good,7.7,0,4,23.8,Adequate
U0469,27,Male,78,175,Moderate,Hot,Artist,3.21,3.1,Good,5.7,3,0,25.5,Adequate
U0470,34,Female,57,155,High,Hot,Journalist,3.84,2.7,Good,4.9,2,0,23.7,Adequate
U0471,38,Male,79,171,Moderate,Cold,Farmer,1.97,2.7,Poor,6.8,3,1,27.0,Inadequate
U0472,49,Male,67,174,Low,Cold,Farmer,0.98,2.1,Good,7.0,0,2,22.1,Inadequate
U0473,49,Female,55,160,High,Hot,Professor,3.78,2.6,Poor,6.7,0,0,21.5,Adequate
U0474,54,Male,78,177,Moderate,Temperate,Farmer,1.88,2.8,Good,7.3,4,1,24.9,Inadequate
U0475,44,Female,62,162,High,Cold,Scientist,2.84,2.4,Excellent,9.3,2,2,23.6,Adequate
U0476,52,Male,62,164,Low,Temperate,Developer,1.2,2.0,Good,7.1,2,3,23.1,Inadequate
U0477,27,Male,93,160,Moderate,Temperate,Trainer,2.74,3.3,Excellent,5.3,0,2,36.3,Inadequate
U0478,18,Female,75,158,High,Cold,Teacher,1.48,2.9,Poor,6.0,0,3,30.0,Inadequate
U0479,29,Male,75,183,Moderate,Hot,Officer,2.54,3.0,Good,6.0,3,0,22.4,Inadequate
U0480,27,Female,78,161,Low,Cold,Athlete,1.21,2.5,Poor,5.4,3,0,30.1,Inadequate
U0481,32,Female,72,156,Low,Hot,Artist,2.68,2.7,Excellent,7.7,1,1,29.6,Adequate
U0482,27,Male,83,164,Moderate,Cold,Mechanic,1.35,2.8,Excellent,5.7,4,4,30.9,Inadequate
U0483,49,Male,103,180,Low,Temperate,Farmer,1.6,3.4,Good,8.2,1,4,31.8,Inadequate
U0484,46,Male,70,158,High,Cold,Developer,2.71,2.7,Excellent,6.1,2,0,28.0,Adequate
U0485,58,Female,60,160,Moderate,Cold,Chef,1.47,2.1,Excellent,6.2,0,4,23.4,Inadequate
U0486,27,Male,77,185,Moderate,Temperate,Professor,2.6,2.7,Good,6.1,0,0,22.5,Adequate
U0487,48,Male,55,193,High,Hot,Farmer,4.27,2.6,Excellent,6.0,1,0,14.8,Adequate
U0488,28,Female,71,161,Low,Hot,Banker,2.62,2.6,Poor,6.0,0,0,27.4,Adequate
U0489,27,Male,63,170,High,Hot,Consultant,3.18,2.9,Good,4.9,0,2,21.8,Adequate
U0490,29,Male,57,174,High,Temperate,Scientist,2.06,2.4,Good,8.4,2,1,18.8,Adequate
U0491,49,Female,59,165,Moderate,Temperate,Mechanic,1.95,2.1,Excellent,4.6,2,0,21.7,Adequate
U0492,57,Female,58,163,Moderate,Temperate,Mechanic,2.75,2.1,Excellent,6.2,2,1,21.8,Adequate
U0493,53,Male,81,182,High,Hot,Nurse,3.86,3.5,Poor,8.0,2,1,24.5,Adequate
U0494,43,Male,76,168,Moderate,Temperate,Professor,2.61,2.7,Good,5.1,0,2,26.9,Adequate
U0495,24,Male,79,160,Moderate,Temperate,Chef,2.07,2.8,Good,8.2,4,0,30.9,Inadequate
U0496,27,Male,82,170,Moderate,Temperate,Chef,2.22,2.9,Good,4.3,4,0,28.4,Inadequate
U0497,39,Female,68,157,High,Temperate,Engineer,3.63,2.7,Excellent,7.2,2,0,27.6,Adequate
U0498,49,Female,57,165,Moderate,Hot,Chef,2.6,2.4,Good,7.6,2,4,20.9,Adequate
U0499,36,Male,84,170,Low,Temperate,Journalist,1.58,2.8,Good,4.8,5,2,29.1,Inadequate
U0500,19,Female,61,156,Moderate,Hot,Chef,3.49,2.5,Good,7.2,3,1,25.1,Adequate
U0501,46,Female,56,155,High,Temperate,Trainer,2.87,2.3,Good,5.7,2,0,23.3,Adequate
U0502,27,Male,53,176,Low,Temperate,Banker,1.18,1.7,Poor,5.4,2,2,17.1,Inadequate
U0503,50,Female,72,165,Low,Hot,Banker,2.08,2.7,Good,6.5,3,0,26.4,Inadequate
U0504,32,Male,86,184,High,Cold,Journalist,2.5,3.2,Good,5.1,1,1,25.4,Inadequate
U0505,63,Male,70,173,High,Cold,Chef,2.25,2.7,Good,6.8,4,0,23.4,Inadequate
U0506,31,Male,95,166,High,Hot,Scientist,3.77,3.9,Good,6.4,2,0,34.5,Adequate
U0507,62,Female,55,161,Low,Temperate,Manager,0.84,1.8,Good,5.5,1,2,21.2,Inadequate
U0508,63,Female,51,159,High,Hot,Manager,2.68,2.5,Good,6.7,4,2,20.2,Adequate
U0509,57,Female,68,171,High,Temperate,Engineer,2.55,2.7,Excellent,6.8,2,0,23.3,Adequate
U0510,64,Female,56,154,High,Cold,Student,1.91,2.2,Good,8.5,3,0,23.6,Adequate
U0511,51,Female,66,153,Low,Cold,Artist,0.5,2.1,Good,5.2,3,0,28.2,Inadequate
U0512,58,Male,83,184,Low,Hot,Driver,2.54,3.0,Good,6.9,1,2,24.5,Inadequate
U0513,39,Male,72,172,Low,Temperate,Chef,1.2,2.4,Poor,5.4,3,1,24.3,Inadequate
U0514,51,Male,51,175,High,Hot,Trainer,3.12,2.5,Excellent,8.2,3,0,16.7,Adequate
U0515,61,Male,64,185,High,Temperate,Consultant,1.62,2.6,Good,7.3,4,3,18.7,Inadequate
U0516,18,Female,62,147,Low,Hot,Banker,2.01,2.3,Poor,6.3,1,4,28.7,Adequate
U0517,28,Female,61,153,Moderate,Hot,Athlete,2.84,2.5,Good,5.5,4,2,26.1,Adequate
U0518,48,Male,60,167,Moderate,Temperate,Scientist,1.84,2.2,Good,6.9,4,0,21.5,Inadequate
U0519,60,Female,87,163,Low,Temperate,Driver,1.33,2.9,Poor,8.1,2,2,32.7,Inadequate
U0520,30,Female,63,163,Moderate,Hot,Retired,3.03,2.6,Poor,6.2,0,0,23.7,Adequate
U0521,64,Male,66,167,Moderate,Cold,Engineer,1.75,2.3,Poor,5.4,0,1,23.7,Inadequate
U0522,46,Male,82,171,Moderate,Cold,Student,0.95,2.8,Poor,6.3,3,0,28.0,Inadequate
U0523,29,Female,52,156,Moderate,Cold,Journalist,1.54,1.8,Good,5.6,5,0,21.4,Adequate
U0524,42,Female,45,164,Moderate,Temperate,Farmer,1.3,1.7,Good,5.7,2,0,16.7,Inadequate
U0525,29,Female,56,160,High,Cold,Student,2.83,2.2,Excellent,5.0,2,0,21.9,Adequate
U0526,47,Male,88,187,Low,Cold,Programmer,0.93,2.8,Good,6.7,2,2,25.2,Inadequate
U0527,44,Female,65,161,High,Hot,Consultant,4.05,2.9,Poor,6.0,0,0,25.1,Adequate
U0528,22,Male,77,184,Moderate,Cold,Student,1.62,2.6,Poor,4.0,2,1,22.7,Inadequate
U0529,62,Female,61,170,Low,Temperate,Developer,2.17,2.0,Excellent,5.0,0,1,21.1,Adequate
U0530,59,Female,64,162,Low,Temperate,Student,1.02,2.1,Good,5.5,3,2,24.4,Inadequate
U0531,37,Male,76,168,Low,Cold,Chef,1.85,2.4,Excellent,7.9,1,0,26.9,Inadequate
U0532,34,Male,64,167,Moderate,Cold,Mechanic,2.03,2.2,Excellent,7.7,2,0,22.9,Adequate
U0533,35,Female,51,168,High,Temperate,Engineer,3.22,2.2,Good,6.3,4,0,18.1,Adequate
U0534,41,Male,93,172,Low,Hot,Nurse,2.56,3.4,Good,5.9,2,3,31.4,Inadequate
U0535,34,Female,68,161,Moderate,Hot,Programmer,2.92,2.7,Excellent,6.9,1,0,26.2,Adequate
U0536,54,Male,62,188,Moderate,Cold,Engineer,1.55,2.1,Good,7.0,3,1,17.5,Inadequate
U0537,36,Male,65,167,Moderate,Temperate,Developer,1.73,2.3,Poor,7.3,2,0,23.3,Inadequate
U0538,32,Female,68,145,High,Hot,Banker,4.21,3.0,Good,5.3,1,0,32.3,Adequate
U0539,54,Male,56,193,Moderate,Cold,Driver,1.3,1.9,Good,6.7,3,0,15.0,Inadequate
U0540,60,Male,65,177,Low,Temperate,Student,1.42,2.1,Good,7.3,0,1,20.7,Inadequate
U0541,19,Female,55,159,Moderate,Cold,Programmer,1.08,1.9,Poor,8.6,0,3,21.8,Inadequate
U0542,18,Male,72,170,Moderate,Cold,Consultant,2.06,2.5,Good,7.6,2,1,24.9,Inadequate
U0543,35,Male,91,172,Moderate,Hot,Journalist,2.62,3.5,Good,7.3,2,4,30.8,Inadequate
U0544,20,Female,59,158,Low,Temperate,Athlete,1.85,1.9,Good,5.4,2,0,23.6,Adequate
U0545,46,Female,55,160,Moderate,Hot,Student,3.36,2.3,Good,7.0,1,0,21.5,Adequate
U0546,44,Female,56,163,High,Temperate,Student,2.23,2.3,Good,5.0,1,1,21.1,Adequate
U0547,50,Female,70,165,Low,Hot,Doctor,1.71,2.6,Poor,8.7,4,2,25.7,Inadequate
U0548,50,Female,82,163,Moderate,Cold,Retired,2.03,2.8,Good,4.2,2,0,30.9,Inadequate
U0549,64,Female,69,171,Moderate,Temperate,Athlete,2.74,2.5,Good,9.7,0,2,23.6,Adequate
U0550,36,Male,54,174,Moderate,Hot,Journalist,3.21,2.3,Good,6.8,4,0,17.8,Adequate
U0551,57,Male,55,172,Moderate,Cold,Lawyer,2.27,1.9,Excellent,7.6,3,2,18.6,Adequate
U0552,34,Male,74,178,Moderate,Hot,Teacher,3.35,2.9,Good,6.5,2,0,23.4,Adequate
U0553,29,Female,65,153,Moderate,Temperate,Developer,2.07,2.3,Good,6.9,2,2,27.8,Adequate
U0554,47,Male,85,167,Moderate,Cold,Student,1.33,2.9,Poor,7.2,2,1,30.5,Inadequate
U0555,28,Female,58,154,High,Temperate,Artist,2.92,2.4,Poor,7.4,3,0,24.5,Adequate
U0556,48,Male,61,179,Low,Cold,Journalist,0.68,1.9,Excellent,8.2,2,1,19.0,Inadequate
U0557,25,Female,60,152,Low,Temperate,Nurse,2.05,2.0,Excellent,6.2,1,1,26.0,Adequate
U0558,29,Male,79,168,Moderate,Hot,Manager,3.18,3.1,Poor,6.4,2,1,28.0,Adequate
U0559,60,Female,70,158,High,Temperate,Mechanic,1.67,2.8,Poor,5.5,4,0,28.0,Inadequate
U0560,38,Female,65,161,Moderate,Cold,Banker,2.86,2.2,Excellent,7.4,0,2,25.1,Adequate
U0561,18,Male,72,176,High,Temperate,Manager,3.13,2.9,Excellent,5.5,4,0,23.2,Adequate
U0562,39,Female,60,170,Moderate,Hot,Manager,1.38,2.5,Poor,4.0,5,3,20.8,Inadequate
U0563,60,Male,64,186,Low,Temperate,Lawyer,2.02,2.1,Poor,5.9,2,0,18.5,Adequate
U0564,45,Female,53,161,Moderate,Cold,Consultant,1.06,1.8,Good,5.4,2,0,20.4,Inadequate
U0565,52,Female,76,155,Low,Cold,Nurse,1.42,2.4,Good,5.0,0,0,31.6,Inadequate
U0566,62,Female,73,163,Low,Temperate,Developer,2.05,2.4,Excellent,5.8,0,0,27.5,Adequate
U0567,51,Male,71,171,Low,Cold,Engineer,0.53,2.2,Good,7.5,1,1,24.3,Inadequate
U0568,44,Male,59,176,Low,Cold,Chef,1.0,1.8,Poor,5.4,0,0,19.0,Inadequate
U0569,63,Male,77,177,Moderate,Temperate,Sales,1.73,2.7,Good,7.5,1,1,24.6,Inadequate
U0570,27,Male,91,184,Low,Temperate,Sales,1.46,3.0,Good,7.3,5,3,26.9,Inadequate
U0571,25,Male,77,179,Moderate,Cold,Mechanic,1.83,2.6,Good,5.8,1,1,24.0,Inadequate
U0572,22,Female,70,163,High,Hot,Consultant,3.38,3.1,Poor,6.9,3,1,26.3,Adequate
U0573,42,Female,64,170,Low,Hot,Driver,1.93,2.4,Poor,6.3,1,0,22.1,Inadequate
U0574,24,Female,65,173,Moderate,Temperate,Manager,2.68,2.3,Good,5.6,0,4,21.7,Adequate
U0575,48,Male,77,200,High,Temperate,Teacher,3.14,3.0,Good,4.4,1,1,19.2,Adequate
U0576,47,Male,77,194,Low,Temperate,Driver,1.5,2.5,Good,5.8,1,1,20.5,Inadequate
U0577,18,Male,78,185,Low,Temperate,Journalist,2.42,2.6,Excellent,6.0,0,0,22.8,Adequate
U0578,43,Male,63,187,Low,Cold,Sales,1.06,2.0,Good,6.7,2,0,18.0,Inadequate
U0579,39,Female,84,152,Low,Temperate,Mechanic,1.61,2.8,Poor,6.1,1,2,36.4,Inadequate
U0580,27,Male,57,159,High,Cold,Officer,1.93,2.3,Poor,5.5,5,0,22.5,Inadequate
U0581,46,Female,46,149,High,Temperate,Programmer,2.06,2.0,Good,4.8,1,0,20.7,Adequate
U0582,44,Male,85,178,Low,Temperate,Developer,2.64,2.8,Excellent,5.3,0,0,26.8,Adequate
U0583,55,Female,55,161,Low,Hot,Scientist,2.38,2.1,Good,7.6,2,0,21.2,Adequate
U0584,30,Female,60,155,Low,Temperate,Journalist,1.24,2.0,Poor,6.2,3,0,25.0,Inadequate
U0585,23,Female,50,177,High,Cold,Driver,2.27,2.1,Good,5.4,2,2,16.0,Adequate
U0586,20,Male,74,177,Low,Temperate,Banker,2.7,2.4,Good,6.2,0,0,23.6,Adequate
U0587,48,Male,62,173,Moderate,Temperate,Retired,2.27,2.2,Excellent,7.0,2,0,20.7,Adequate
U0588,21,Male,73,175,Low,Temperate,Chef,1.58,2.4,Good,7.6,2,1,23.8,Inadequate
U0589,37,Male,107,192,High,Cold,Farmer,2.86,3.9,Poor,5.4,0,0,29.0,Inadequate
U0590,57,Female,63,157,Moderate,Temperate,Nurse,2.39,2.3,Excellent,5.8,1,1,25.6,Adequate
U0591,63,Female,49,150,Low,Hot,Manager,2.58,1.9,Excellent,4.0,3,1,21.8,Adequate
U0592,35,Female,86,166,High,Cold,Journalist,2.19,3.2,Poor,5.1,3,0,31.2,Inadequate
U0593,27,Male,70,169,High,Temperate,Engineer,2.54,2.8,Good,6.9,4,1,24.5,Adequate
U0594,27,Male,55,200,Moderate,Temperate,Officer,2.32,2.0,Good,7.9,0,1,13.8,Adequate
U0595,36,Female,63,162,Moderate,Temperate,Teacher,2.78,2.3,Good,7.6,2,0,24.0,Adequate
U0596,28,Male,70,174,High,Hot,Nurse,3.73,3.1,Excellent,5.5,2,4,23.1,Adequate
U0597,21,Male,78,185,High,Temperate,Lawyer,2.41,3.1,Good,5.4,4,0,22.8,Inadequate
U0598,39,Female,63,162,High,Cold,Lawyer,2.41,2.5,Good,7.1,0,2,24.0,Adequate
U0599,59,Male,65,182,High,Hot,Manager,3.07,2.9,Poor,6.0,0,0,19.6,Adequate
U0600,36,Male,94,171,Moderate,Cold,Retired,2.71,3.2,Good,7.7,2,1,32.1,Inadequate
U0601,30,Female,64,167,Low,Cold,Manager,0.5,2.0,Excellent,6.2,5,0,22.9,Inadequate
U0602,60,Male,86,168,Moderate,Cold,Driver,1.6,2.9,Good,6.1,1,3,30.5,Inadequate
U0603,43,Male,76,155,Moderate,Hot,Developer,2.89,3.0,Good,6.9,4,0,31.6,Adequate
U0604,52,Male,105,174,High,Hot,Professor,4.31,4.3,Excellent,7.2,2,0,34.7,Adequate
U0605,31,Female,52,155,Moderate,Cold,Driver,2.15,1.8,Excellent,6.2,5,0,21.6,Adequate
U0606,25,Female,57,145,Low,Temperate,Retired,1.68,1.9,Poor,5.6,2,0,27.1,Adequate
U0607,49,Male,61,174,Moderate,Temperate,Mechanic,2.62,2.2,Excellent,6.1,4,0,20.1,Adequate
U0608,22,Female,49,164,Moderate,Temperate,Nurse,2.45,1.8,Good,6.1,1,3,18.2,Adequate
U0609,59,Female,63,151,High,Cold,Banker,2.46,2.5,Good,9.2,3,0,27.6,Adequate
U0610,55,Female,59,163,Low,Temperate,Officer,1.39,1.9,Good,4.3,1,2,22.2,Inadequate
U0611,27,Male,74,182,Low,Temperate,Manager,1.69,2.4,Good,6.9,0,0,22.3,Inadequate
U0612,27,Male,84,163,Low,Cold,Doctor,0.74,2.7,Poor,6.8,3,1,31.6,Inadequate
U0613,61,Female,52,150,High,Temperate,Artist,2.69,2.2,Good,6.7,4,0,23.1,Adequate
U0614,59,Female,53,149,Moderate,Hot,Programmer,2.5,2.2,Poor,6.9,0,0,23.9,Adequate
U0615,59,Female,60,165,High,Cold,Athlete,2.93,2.4,Good,7.7,0,2,22.0,Adequate
U0616,22,Female,60,145,Moderate,Temperate,Officer,2.13,2.2,Poor,5.6,4,0,28.5,Adequate
U0617,21,Female,70,159,Low,Temperate,Doctor,2.07,2.3,Good,6.3,3,2,27.7,Adequate
U0618,22,Female,60,154,Moderate,Hot,Trainer,2.81,2.5,Good,7.8,0,1,25.3,Adequate
U0619,26,Male,70,183,Low,Temperate,Professor,2.04,2.3,Good,6.1,0,0,20.9,Adequate
U0620,38,Female,68,159,Moderate,Temperate,Journalist,2.24,2.4,Good,7.0,5,0,26.9,Adequate
U0621,25,Male,79,171,Low,Temperate,Journalist,1.2,2.6,Excellent,4.4,4,2,27.0,Inadequate
U0622,49,Male,83,167,Moderate,Hot,Driver,3.22,3.2,Good,8.6,2,1,29.8,Adequate
U0623,35,Male,77,158,High,Cold,Journalist,2.41,2.9,Excellent,5.6,3,1,30.8,Inadequate
U0624,55,Female,60,155,High,Temperate,Developer,2.24,2.5,Good,7.6,2,1,25.0,Adequate
U0625,23,Female,55,160,Low,Temperate,Retired,1.63,1.8,Good,6.5,1,0,21.5,Adequate
U0626,48,Female,65,163,Moderate,Temperate,Lawyer,2.62,2.3,Excellent,6.6,0,1,24.5,Adequate
U0627,25,Male,67,160,Moderate,Temperate,Manager,2.15,2.4,Good,6.4,1,1,26.2,Adequate
U0628,29,Female,72,168,High,Hot,Athlete,3.25,3.2,Good,7.4,4,0,25.5,Adequate
U0629,29,Male,92,185,Moderate,Cold,Mechanic,2.08,3.1,Good,7.0,1,0,26.9,Inadequate
U0630,59,Female,68,158,Low,Cold,Programmer,0.85,2.1,Good,7.1,4,3,27.2,Inadequate
U0631,46,Male,79,173,High,Hot,Banker,3.64,3.4,Poor,6.9,5,1,26.4,Adequate
U0632,47,Female,59,162,Moderate,Temperate,Teacher,1.59,2.1,Good,7.0,2,1,22.5,Inadequate
U0633,48,Male,56,179,Moderate,Temperate,Retired,2.0,2.0,Good,4.4,0,1,17.5,Adequate
U0634,21,Male,76,175,High,Hot,Officer,4.78,3.3,Excellent,4.7,1,2,24.8,Adequate
U0635,53,Female,45,167,Low,Hot,Doctor,1.6,1.8,Good,7.0,2,0,16.1,Adequate
U0636,46,Female,73,157,High,Hot,Teacher,4.22,3.2,Good,7.9,1,2,29.6,Adequate
U0637,48,Female,67,156,Moderate,Cold,Trainer,1.1,2.3,Excellent,4.4,3,1,27.5,Inadequate
U0638,35,Male,73,169,Moderate,Cold,Consultant,2.01,2.5,Good,7.9,2,0,25.6,Inadequate
U0639,33,Male,65,184,High,Temperate,Sales,3.53,2.6,Poor,5.5,1,1,19.2,Adequate
U0640,30,Female,64,165,Moderate,Cold,Lawyer,1.99,2.2,Good,6.2,4,0,23.5,Adequate
U0641,58,Female,62,156,Moderate,Hot,Journalist,3.33,2.5,Good,6.4,0,1,25.5,Adequate
U0642,29,Male,69,168,Moderate,Temperate,Farmer,2.84,2.5,Excellent,5.6,1,0,24.4,Adequate
U0643,32,Male,94,188,High,Hot,Lawyer,3.3,3.9,Poor,6.6,3,2,26.6,Inadequate
U0644,30,Male,71,162,Moderate,Temperate,Doctor,1.64,2.5,Poor,6.5,1,0,27.1,Inadequate
U0645,57,Male,91,156,Moderate,Temperate,Artist,2.83,3.2,Excellent,8.2,3,1,37.4,Adequate
U0646,28,Male,80,167,High,Cold,Consultant,2.92,3.0,Poor,6.9,1,0,28.7,Adequate
U0647,25,Female,66,159,Moderate,Cold,Developer,1.73,2.3,Good,6.0,4,1,26.1,Inadequate
U0648,57,Female,63,163,High,Hot,Sales,3.11,2.9,Poor,6.7,0,2,23.7,Adequate
U0649,46,Male,80,184,Moderate,Cold,Developer,1.41,2.7,Good,5.6,1,3,23.6,Inadequate
U0650,28,Female,60,158,Moderate,Temperate,Trainer,2.25,2.2,Poor,7.0,1,1,24.0,Adequate
U0651,32,Female,62,161,Low,Cold,Journalist,0.5,1.9,Poor,4.1,2,2,23.9,Inadequate
U0652,55,Male,81,173,High,Hot,Scientist,3.27,3.5,Good,6.1,2,1,27.1,Adequate
U0653,20,Male,72,163,Moderate,Hot,Teacher,3.25,2.9,Good,9.7,0,2,27.1,Adequate
U0654,21,Male,64,181,Moderate,Hot,Engineer,3.57,2.6,Excellent,6.7,2,0,19.5,Adequate
U0655,21,Female,45,167,High,Temperate,Doctor,2.23,2.0,Good,5.4,2,4,16.1,Adequate
U0656,42,Female,56,156,Moderate,Hot,Student,3.07,2.3,Excellent,8.4,2,0,23.0,Adequate
U0657,34,Female,49,149,Low,Cold,Sales,0.5,1.5,Good,7.6,3,2,22.1,Inadequate
U0658,23,Male,93,176,High,Hot,Manager,3.49,3.9,Poor,7.0,4,0,30.0,Adequate
U0659,36,Female,63,154,Low,Hot,Athlete,1.5,2.4,Poor,6.8,5,0,26.6,Inadequate
U0660,46,Female,69,161,Low,Hot,Lawyer,2.35,2.6,Good,6.3,1,2,26.6,Adequate
U0661,44,Female,80,161,Moderate,Temperate,Mechanic,3.19,2.8,Good,5.5,0,0,30.9,Adequate
U0662,18,Female,66,156,Moderate,Cold,Officer,1.46,2.3,Good,6.0,3,1,27.1,Inadequate
U0663,60,Male,94,163,Moderate,Temperate,Teacher,2.32,3.3,Excellent,4.9,2,3,35.4,Inadequate
U0664,63,Female,70,175,Moderate,Temperate,Programmer,1.89,2.5,Good,6.4,4,2,22.9,Inadequate
U0665,58,Male,78,169,Moderate,Hot,Artist,2.96,3.1,Good,6.0,5,1,27.3,Adequate
U0666,40,Female,65,165,Low,Cold,Chef,1.52,2.0,Excellent,6.1,0,0,23.9,Inadequate
U0667,35,Female,72,156,High,Temperate,Journalist,2.99,2.9,Good,8.3,4,0,29.6,Adequate
U0668,18,Female,59,163,Moderate,Cold,Scientist,2.1,2.0,Good,7.1,1,0,22.2,Adequate
U0669,61,Female,46,162,Low,Temperate,Farmer,1.12,1.5,Poor,6.2,4,1,17.5,Inadequate
U0670,22,Male,90,185,Moderate,Cold,Sales,1.6,3.1,Excellent,5.9,3,1,26.3,Inadequate
U0671,52,Male,64,164,High,Hot,Programmer,3.75,2.9,Excellent,4.9,2,1,23.8,Adequate
U0672,40,Female,56,161,High,Hot,Nurse,2.98,2.6,Good,4.3,2,1,21.6,Adequate
U0673,52,Female,63,164,High,Temperate,Engineer,2.81,2.6,Good,4.6,3,0,23.4,Adequate
U0674,57,Male,78,182,High,Temperate,Retired,3.03,3.1,Good,7.1,1,3,23.5,Adequate
U0675,40,Female,64,168,Low,Hot,Journalist,1.87,2.4,Poor,7.2,4,2,22.7,Inadequate
U0676,32,Female,56,154,High,Hot,Professor,3.21,2.6,Poor,5.9,5,0,23.6,Adequate
U0677,39,Female,45,155,Moderate,Cold,Officer,2.58,1.6,Excellent,5.6,0,1,18.7,Adequate
U0678,20,Male,73,184,Low,Temperate,Teacher,2.2,2.4,Poor,6.8,2,0,21.6,Adequate
U0679,64,Male,77,181,Moderate,Temperate,Banker,1.34,2.7,Good,7.1,5,3,23.5,Inadequate
U0680,58,Male,81,177,Moderate,Hot,Developer,2.79,3.2,Poor,6.3,1,0,25.9,Adequate
U0681,43,Female,47,161,Low,Cold,Teacher,0.77,1.5,Good,5.0,1,3,18.1,Inadequate
U0682,64,Male,86,180,Low,Cold,Chef,0.96,2.7,Poor,4.0,1,1,26.5,Inadequate
U0683,59,Male,69,172,Moderate,Temperate,Teacher,2.92,2.5,Excellent,5.5,0,2,23.3,Adequate
U0684,48,Male,109,168,High,Temperate,Farmer,3.61,4.1,Excellent,7.2,0,1,38.6,Adequate
U0685,20,Male,49,192,Low,Hot,Chef,2.24,1.9,Poor,7.5,2,1,13.3,Adequate
U0686,34,Female,68,161,Moderate,Hot,Trainer,2.97,2.7,Poor,9.8,0,2,26.2,Adequate
U0687,56,Male,81,183,High,Hot,Nurse,3.51,3.5,Excellent,4.0,4,1,24.2,Adequate
U0688,62,Female,62,163,High,Hot,Student,3.09,2.8,Poor,7.7,3,0,23.3,Adequate
U0689,46,Female,45,165,High,Cold,Retired,1.95,1.9,Poor,6.7,0,2,16.5,Adequate
U0690,47,Male,87,179,Low,Temperate,Mechanic,1.14,2.9,Poor,6.3,2,2,27.2,Inadequate
U0691,37,Female,60,151,Moderate,Temperate,Engineer,1.98,2.2,Poor,6.2,4,0,26.3,Adequate
U0692,27,Female,88,168,Low,Temperate,Journalist,1.97,2.9,Excellent,5.9,1,2,31.2,Inadequate
U0693,19,Female,53,157,Moderate,Temperate,Consultant,1.95,1.9,Good,8.2,2,0,21.5,Adequate
U0694,22,Male,68,169,Moderate,Temperate,Retired,3.02,2.4,Excellent,5.2,2,0,23.8,Adequate
U0695,36,Female,61,153,Low,Cold,Doctor,0.71,1.9,Poor,8.6,4,4,26.1,Inadequate
U0696,24,Male,70,174,Low,Temperate,Trainer,1.07,2.3,Poor,7.0,2,1,23.1,Inadequate
U0697,27,Male,70,186,Low,Cold,Professor,1.3,2.2,Excellent,7.6,2,2,20.2,Inadequate
U0698,46,Female,61,165,High,Temperate,Chef,2.94,2.5,Good,4.0,0,0,22.4,Adequate
U0699,61,Male,87,191,High,Cold,Developer,3.63,3.3,Good,8.6,1,1,23.8,Adequate
U0700,45,Female,57,164,Moderate,Hot,Nurse,3.46,2.4,Good,7.6,0,0,21.2,Adequate
U0701,57,Male,76,186,Moderate,Temperate,Doctor,1.4,2.7,Good,5.9,1,1,22.0,Inadequate
U0702,46,Female,66,162,Low,Cold,Chef,1.11,2.1,Excellent,7.2,4,0,25.1,Inadequate
U0703,48,Male,71,170,Low,Hot,Lawyer,2.57,2.6,Good,6.7,1,1,24.6,Adequate
U0704,54,Female,45,154,Moderate,Temperate,Professor,1.78,1.7,Poor,6.5,4,4,19.0,Adequate
U0705,41,Female,50,174,Moderate,Hot,Journalist,2.04,2.2,Good,4.6,0,0,16.5,Adequate
U0706,47,Male,79,174,Moderate,Hot,Manager,2.29,3.1,Poor,7.3,4,2,26.1,Inadequate
U0707,64,Male,81,161,Moderate,Hot,Engineer,2.57,3.2,Good,5.1,2,2,31.2,Inadequate
U0708,23,Female,48,164,Moderate,Cold,Scientist,1.74,1.7,Excellent,4.0,1,3,17.8,Adequate
U0709,20,Female,65,167,High,Temperate,Doctor,2.34,2.6,Poor,8.4,2,1,23.3,Adequate
U0710,26,Female,67,151,High,Cold,Engineer,2.26,2.6,Poor,7.1,1,1,29.4,Adequate
U0711,58,Male,83,174,High,Hot,Scientist,3.47,3.5,Excellent,4.2,4,2,27.4,Adequate
U0712,26,Male,83,172,Low,Cold,Nurse,1.39,2.6,Good,7.5,4,1,28.1,Inadequate
U0713,62,Female,56,161,Moderate,Cold,Mechanic,2.36,1.9,Excellent,7.3,0,0,21.6,Adequate
U0714,54,Male,84,172,Moderate,Hot,Artist,2.77,3.3,Good,4.0,1,1,28.4,Inadequate
U0715,32,Female,47,165,Low,Temperate,Sales,1.21,1.6,Good,7.9,2,3,17.3,Inadequate
U0716,55,Male,75,167,High,Hot,Manager,3.29,3.3,Excellent,6.5,1,0,26.9,Adequate
U0717,36,Female,61,160,Low,Cold,Retired,1.06,1.9,Good,5.9,3,2,23.8,Inadequate
U0718,56,Female,67,157,High,Hot,Banker,2.27,3.0,Poor,4.6,2,2,27.2,Inadequate
U0719,43,Female,63,165,Low,Temperate,Developer,1.12,2.1,Excellent,6.7,5,2,23.1,Inadequate
U0720,50,Female,65,161,Moderate,Temperate,Teacher,2.79,2.3,Good,8.3,3,1,25.1,Adequate
U0721,51,Male,82,179,Low,Temperate,Chef,1.08,2.7,Good,6.8,1,3,25.6,Inadequate
U0722,22,Male,82,161,Moderate,Temperate,Student,2.97,2.9,Excellent,4.1,0,0,31.6,Adequate
U0723,55,Female,73,164,Low,Temperate,Sales,1.19,2.4,Excellent,7.6,0,2,27.1,Inadequate
U0724,35,Male,75,173,Moderate,Temperate,Banker,2.51,2.7,Excellent,6.6,1,4,25.1,Adequate
U0725,42,Male,77,175,Moderate,Temperate,Journalist,2.69,2.7,Good,7.2,0,1,25.1,Adequate
U0726,43,Male,70,176,High,Cold,Scientist,2.18,2.7,Poor,7.3,2,0,22.6,Inadequate
U0727,35,Male,70,173,Low,Hot,Banker,1.73,2.6,Poor,4.8,1,0,23.4,Inadequate
U0728,48,Female,63,160,Low,Temperate,Developer,1.57,2.1,Good,4.8,1,0,24.6,Inadequate
U0729,63,Male,80,178,High,Hot,Doctor,3.4,3.4,Poor,5.0,0,2,25.2,Adequate
U0730,48,Male,93,189,Moderate,Hot,Professor,3.47,3.6,Excellent,5.2,0,2,26.0,Adequate
U0731,63,Female,69,160,Moderate,Temperate,Artist,1.65,2.5,Good,7.5,2,3,27.0,Inadequate
U0732,18,Female,83,177,Low,Temperate,Mechanic,2.33,2.7,Good,6.6,2,1,26.5,Adequate
U0733,55,Male,73,170,Moderate,Hot,Consultant,2.58,2.9,Poor,5.6,0,2,25.3,Adequate
U0734,39,Female,64,153,Low,Hot,Student,2.38,2.4,Excellent,6.5,3,0,27.3,Adequate
U0735,33,Female,46,167,High,Temperate,Banker,2.82,2.0,Good,4.2,1,2,16.5,Adequate
U0736,28,Male,80,178,Moderate,Temperate,Sales,2.21,2.8,Poor,5.3,3,0,25.2,Inadequate
U0737,23,Female,66,158,Moderate,Cold,Farmer,1.89,2.3,Good,6.7,3,1,26.4,Inadequate
U0738,27,Female,62,168,Low,Cold,Consultant,1.24,1.9,Poor,4.7,2,1,22.0,Inadequate
U0739,36,Male,83,156,High,Temperate,Farmer,3.5,3.2,Good,5.5,3,0,34.1,Adequate
U0740,37,Female,62,153,High,Hot,Chef,3.65,2.8,Good,5.8,0,3,26.5,Adequate
U0741,19,Male,77,179,High,Cold,Lawyer,3.07,2.9,Excellent,6.2,5,3,24.0,Adequate
U0742,59,Male,87,172,Low,Cold,Engineer,0.5,2.8,Poor,4.0,3,2,29.4,Inadequate
U0743,53,Female,80,160,High,Cold,Student,2.05,3.0,Good,8.4,1,1,31.2,Inadequate
U0744,47,Male,67,167,High,Hot,Driver,4.1,3.0,Good,5.9,2,0,24.0,Adequate
U0745,52,Male,71,165,Moderate,Cold,Officer,1.84,2.4,Good,6.0,2,0,26.1,Inadequate
U0746,39,Female,45,171,Moderate,Cold,Banker,1.41,1.6,Poor,6.1,1,1,15.4,Adequate
U0747,51,Female,67,150,Moderate,Cold,Trainer,2.23,2.3,Excellent,7.9,0,3,29.8,Adequate
U0748,33,Male,69,166,Moderate,Hot,Officer,2.75,2.8,Good,4.9,2,1,25.0,Adequate
U0749,58,Male,85,168,Moderate,Cold,Athlete,2.07,2.9,Good,6.8,4,0,30.1,Inadequate
U0750,23,Female,68,145,High,Hot,Driver,2.93,3.0,Poor,4.9,2,2,32.3,Adequate
U0751,37,Male,80,172,Moderate,Temperate,Officer,1.84,2.8,Poor,4.0,1,3,27.0,Inadequate
U0752,38,Male,74,194,Low,Temperate,Chef,2.24,2.4,Good,6.0,3,1,19.7,Adequate
U0753,36,Male,74,177,Low,Hot,Banker,2.13,2.7,Poor,7.7,3,1,23.6,Inadequate
U0754,61,Male,85,159,Moderate,Cold,Farmer,1.99,2.9,Excellent,5.5,3,0,33.6,Inadequate
U0755,60,Female,47,157,High,Hot,Artist,3.84,2.4,Excellent,9.7,0,1,19.1,Adequate
U0756,19,Male,67,187,High,Cold,Scientist,2.79,2.6,Good,6.6,2,3,19.2,Adequate
U0757,24,Male,64,180,Low,Hot,Programmer,2.16,2.4,Good,6.6,1,2,19.8,Adequate
U0758,32,Male,100,175,Moderate,Temperate,Trainer,3.36,3.5,Good,5.4,1,1,32.7,Adequate
U0759,20,Female,50,151,Moderate,Temperate,Scientist,2.26,1.8,Good,8.3,2,0,21.9,Adequate
U0760,63,Male,80,171,Moderate,Cold,Athlete,1.97,2.7,Good,7.0,0,1,27.4,Inadequate
U0761,56,Female,57,171,High,Cold,Farmer,2.98,2.3,Excellent,6.3,2,0,19.5,Adequate
U0762,52,Male,72,167,Moderate,Cold,Mechanic,1.46,2.5,Good,7.0,1,2,25.8,Inadequate
U0763,24,Female,62,167,High,Cold,Sales,3.76,2.4,Excellent,6.7,2,2,22.2,Adequate
U0764,32,Female,49,160,High,Hot,Manager,4.11,2.4,Excellent,7.5,1,0,19.1,Adequate
U0765,22,Male,88,170,Moderate,Temperate,Retired,2.46,3.1,Excellent,5.8,2,1,30.4,Inadequate
U0766,60,Male,69,158,Low,Cold,Athlete,0.67,2.2,Poor,8.0,3,3,27.6,Inadequate
U0767,57,Male,64,164,Low,Hot,Engineer,2.41,2.4,Good,7.6,3,0,23.8,Adequate
U0768,23,Male,76,161,High,Hot,Doctor,3.18,3.3,Poor,7.9,1,1,29.3,Adequate
U0769,51,Male,61,183,Moderate,Hot,Trainer,1.93,2.5,Poor,6.7,5,3,18.2,Inadequate
U0770,26,Female,67,153,Low,Temperate,Developer,1.02,2.2,Good,7.5,4,0,28.6,Inadequate
U0771,32,Female,78,173,Moderate,Temperate,Sales,2.47,2.8,Good,4.4,0,0,26.1,Adequate
U0772,36,Female,51,159,Low,Temperate,Farmer,1.71,1.7,Good,4.0,1,0,20.2,Adequate
U0773,49,Female,80,164,High,Temperate,Journalist,3.09,3.1,Good,6.6,4,1,29.7,Adequate
U0774,35,Male,83,180,Low,Hot,Student,2.57,3.0,Excellent,5.1,5,0,25.6,Adequate
U0775,48,Male,64,157,Moderate,Temperate,Retired,2.41,2.3,Good,6.9,0,0,26.0,Adequate
U0776,62,Female,63,165,Low,Temperate,Banker,1.19,2.1,Good,5.5,2,0,23.1,Inadequate
U0777,26,Female,62,156,Moderate,Temperate,Manager,1.92,2.2,Good,4.1,1,1,25.5,Adequate
U0778,19,Male,88,172,Low,Temperate,Engineer,2.22,2.9,Poor,7.0,0,0,29.7,Inadequate
U0779,48,Male,64,161,Moderate,Cold,Mechanic,1.34,2.2,Poor,6.4,2,2,24.7,Inadequate
U0780,61,Male,79,173,High,Hot,Programmer,4.03,3.4,Good,8.7,1,2,26.4,Adequate
U0781,36,Male,70,178,Low,Hot,Student,2.93,2.6,Good,7.8,0,1,22.1,Adequate
U0782,21,Male,73,178,Moderate,Temperate,Athlete,2.47,2.6,Good,8.2,2,0,23.0,Adequate
U0783,61,Female,57,156,Moderate,Hot,Driver,2.95,2.4,Excellent,4.0,1,4,23.4,Adequate
U0784,58,Male,77,173,Low,Hot,Consultant,2.07,2.8,Good,6.3,0,1,25.7,Inadequate
U0785,45,Female,58,166,Moderate,Hot,Nurse,2.19,2.4,Good,5.6,4,0,21.0,Adequate
U0786,48,Female,58,169,Moderate,Hot,Engineer,3.19,2.4,Excellent,6.7,2,0,20.3,Adequate
U0787,53,Male,54,173,Moderate,Temperate,Professor,1.91,2.0,Good,7.7,0,1,18.0,Adequate
U0788,51,Male,96,189,Moderate,Hot,Farmer,2.99,3.7,Good,6.6,1,0,26.9,Inadequate
U0789,44,Male,74,172,High,Hot,Farmer,3.58,3.2,Good,6.3,0,1,25.0,Adequate
U0790,24,Female,75,167,Low,Temperate,Banker,1.28,2.5,Good,6.1,4,1,26.9,Inadequate
U0791,56,Male,81,163,Moderate,Cold,Driver,2.3,2.8,Excellent,6.5,0,2,30.5,Inadequate
U0792,48,Male,81,167,Moderate,Hot,Consultant,3.38,3.2,Excellent,5.9,0,2,29.0,Adequate
U0793,28,Male,84,166,Moderate,Cold,Doctor,1.9,2.9,Good,7.1,2,1,30.5,Inadequate
U0794,50,Female,49,164,Moderate,Hot,Programmer,2.91,2.1,Good,7.6,1,0,18.2,Adequate
U0795,27,Female,61,165,Low,Temperate,Chef,1.66,2.0,Good,4.9,5,0,22.4,Inadequate
U0796,47,Female,60,163,Moderate,Hot,Sales,2.34,2.5,Good,7.0,0,1,22.6,Adequate
U0797,46,Male,88,176,Moderate,Hot,Professor,3.29,3.4,Good,7.1,0,3,28.4,Adequate
U0798,47,Male,76,171,Low,Temperate,Farmer,0.5,2.5,Poor,5.1,3,4,26.0,Inadequate
U0799,53,Male,69,176,Low,Temperate,Trainer,1.32,2.3,Poor,7.6,0,0,22.3,Inadequate
U0800,51,Male,72,175,Moderate,Temperate,Chef,2.0,2.6,Good,6.8,3,3,23.5,Inadequate
U0801,37,Female,73,165,Low,Hot,Consultant,2.74,2.7,Good,7.2,0,3,26.8,Adequate
U0802,52,Male,48,192,Low,Cold,Sales,0.54,1.5,Excellent,7.3,2,1,13.0,Inadequate
U0803,33,Female,45,161,Moderate,Temperate,Driver,1.77,1.7,Good,4.3,4,0,17.4,Adequate
U0804,38,Male,88,172,Moderate,Temperate,Athlete,2.57,3.1,Poor,9.2,0,0,29.7,Inadequate
U0805,42,Male,76,171,High,Temperate,Developer,3.59,3.0,Excellent,6.6,1,1,26.0,Adequate
U0806,61,Male,60,180,Low,Temperate,Developer,1.94,2.0,Excellent,6.1,5,1,18.5,Adequate
U0807,32,Female,65,158,Moderate,Hot,Officer,2.14,2.6,Poor,4.8,2,4,26.0,Inadequate
U0808,38,Male,78,164,Moderate,Hot,Retired,3.25,3.1,Good,5.9,4,1,29.0,Adequate
U0809,29,Male,68,167,Low,Temperate,Chef,1.4,2.2,Good,5.6,1,0,24.4,Inadequate
U0810,20,Female,58,162,High,Cold,Trainer,2.65,2.3,Excellent,6.3,1,1,22.1,Adequate
U0811,53,Male,82,174,Low,Temperate,Programmer,1.72,2.7,Good,5.8,1,2,27.1,Inadequate
U0812,28,Female,74,165,Moderate,Cold,Programmer,2.42,2.5,Good,5.9,1,0,27.2,Adequate
U0813,36,Female,74,160,Low,Hot,Driver,2.04,2.7,Poor,5.4,1,0,28.9,Inadequate
U0814,57,Male,66,184,Low,Hot,Banker,2.71,2.5,Good,7.0,1,2,19.5,Adequate
U0815,40,Female,62,167,High,Hot,Retired,4.17,2.8,Excellent,7.5,4,0,22.2,Adequate
U0816,21,Female,68,167,Low,Hot,Professor,2.76,2.5,Good,5.9,0,0,24.4,Adequate
U0817,46,Female,59,164,High,Cold,Mechanic,2.03,2.3,Good,4.8,2,4,21.9,Adequate
U0818,63,Male,78,182,Low,Cold,Student,1.33,2.5,Good,8.8,2,1,23.5,Inadequate
U0819,60,Female,54,161,Moderate,Cold,Engineer,1.11,1.9,Poor,9.3,1,2,20.8,Inadequate
U0820,59,Male,69,167,Moderate,Temperate,Chef,2.31,2.5,Excellent,7.2,3,0,24.7,Adequate
U0821,29,Female,50,159,Moderate,Hot,Trainer,3.08,2.2,Good,7.6,1,2,19.8,Adequate
U0822,45,Female,53,145,Low,Hot,Developer,2.28,2.0,Good,4.0,1,0,25.2,Adequate
U0823,38,Male,81,177,Moderate,Temperate,Developer,2.67,2.9,Good,6.5,2,0,25.9,Adequate
U0824,61,Male,76,164,High,Hot,Sales,3.47,3.3,Poor,7.0,0,0,28.3,Adequate
U0825,62,Female,54,180,High,Hot,Professor,3.98,2.6,Poor,6.4,1,0,16.7,Adequate
U0826,63,Male,62,182,Moderate,Temperate,Professor,1.84,2.2,Poor,4.6,1,4,18.7,Inadequate
U0827,46,Female,61,155,Low,Cold,Scientist,1.37,1.9,Good,7.6,3,0,25.4,Inadequate
U0828,41,Male,69,175,Moderate,Temperate,Athlete,1.86,2.5,Poor,7.1,1,2,22.5,Inadequate
U0829,43,Male,63,175,High,Temperate,Mechanic,3.65,2.6,Excellent,6.9,0,1,20.6,Adequate
U0830,43,Female,64,151,Low,Temperate,Manager,0.64,2.1,Good,6.1,2,3,28.1,Inadequate
U0831,34,Male,70,159,Low,Cold,Trainer,0.5,2.2,Good,6.8,2,3,27.7,Inadequate
U0832,61,Male,75,170,Moderate,Cold,Journalist,1.01,2.6,Poor,4.6,4,2,26.0,Inadequate
U0833,51,Male,73,173,Moderate,Cold,Programmer,1.97,2.5,Good,7.4,0,1,24.4,Inadequate
U0834,24,Male,83,176,High,Temperate,Lawyer,3.07,3.2,Excellent,8.5,4,0,26.8,Adequate
U0835,63,Male,53,178,High,Cold,Retired,1.2,2.1,Poor,5.9,0,4,16.7,Inadequate
U0836,47,Male,80,180,Moderate,Temperate,Retired,2.07,2.8,Good,6.6,1,1,24.7,Inadequate
U0837,38,Male,82,169,Moderate,Cold,Journalist,2.52,2.8,Excellent,6.1,1,0,28.7,Adequate
U0838,29,Female,59,156,Low,Temperate,Scientist,2.46,1.9,Excellent,4.2,1,1,24.2,Adequate
U0839,63,Male,69,181,High,Cold,Scientist,2.24,2.7,Good,5.5,0,1,21.1,Inadequate
U0840,33,Female,45,149,High,Hot,Developer,3.65,2.3,Good,8.0,0,0,20.3,Adequate
U0841,26,Female,60,153,Moderate,Hot,Sales,2.87,2.5,Good,6.0,2,0,25.6,Adequate
U0842,22,Female,55,156,Moderate,Cold,Farmer,1.86,1.9,Good,5.1,0,0,22.6,Adequate
U0843,46,Female,61,149,Low,Temperate,Farmer,2.09,2.0,Excellent,8.1,0,0,27.5,Adequate
U0844,48,Female,45,165,High,Temperate,Chef,2.07,2.0,Good,5.6,5,0,16.5,Adequate
U0845,32,Male,74,175,Low,Hot,Teacher,2.09,2.7,Good,6.0,3,0,24.2,Inadequate
U0846,21,Female,72,159,Low,Cold,Nurse,1.57,2.3,Excellent,5.9,1,0,28.5,Inadequate
U0847,53,Male,82,178,Moderate,Temperate,Officer,2.15,2.9,Excellent,9.0,2,0,25.9,Inadequate
U0848,58,Male,82,175,Moderate,Temperate,Developer,2.28,2.9,Good,7.5,3,0,26.8,Inadequate
U0849,39,Male,69,167,Low,Temperate,Developer,1.38,2.3,Good,7.5,1,2,24.7,Inadequate
U0850,60,Female,69,157,Low,Temperate,Engineer,1.72,2.3,Good,6.1,1,0,28.0,Inadequate
U0851,19,Female,63,151,Moderate,Hot,Mechanic,3.68,2.6,Excellent,5.8,0,0,27.6,Adequate
U0852,19,Male,82,161,Moderate,Cold,Trainer,2.08,2.8,Excellent,6.4,5,0,31.6,Inadequate
U0853,27,Female,75,159,Moderate,Hot,Developer,3.55,3.0,Excellent,4.7,2,2,29.7,Adequate
U0854,43,Male,66,179,High,Cold,Driver,1.63,2.6,Poor,5.2,1,4,20.6,Inadequate
U0855,51,Female,67,157,High,Cold,Programmer,1.96,2.6,Good,7.0,2,1,27.2,Inadequate
U0856,47,Female,58,156,Moderate,Temperate,Artist,2.07,2.1,Poor,8.8,2,0,23.8,Adequate
U0857,37,Female,48,162,Low,Hot,Sales,1.94,1.9,Good,7.3,1,1,18.3,Adequate
U0858,49,Female,56,164,Moderate,Hot,Sales,3.04,2.3,Good,5.8,1,3,20.8,Adequate
U0859,20,Male,72,181,Low,Hot,Scientist,2.47,2.7,Good,8.4,3,1,22.0,Adequate
U0860,24,Female,55,164,Moderate,Cold,Manager,1.73,1.9,Poor,6.3,4,0,20.4,Adequate
U0861,51,Male,76,172,High,Cold,Trainer,2.97,2.9,Good,9.1,1,3,25.7,Adequate
U0862,29,Male,74,190,Moderate,Hot,Nurse,2.89,2.9,Poor,6.1,3,1,20.5,Adequate
U0863,54,Female,59,152,High,Cold,Journalist,2.68,2.3,Excellent,6.6,0,3,25.5,Adequate
U0864,55,Female,61,156,Moderate,Temperate,Chef,1.16,2.2,Good,5.4,3,4,25.1,Inadequate
U0865,23,Female,58,166,Moderate,Cold,Artist,2.66,2.0,Excellent,6.0,2,0,21.0,Adequate
U0866,27,Male,79,182,Low,Temperate,Officer,1.55,2.6,Poor,4.0,1,0,23.8,Inadequate
U0867,29,Male,69,168,High,Temperate,Engineer,2.58,2.8,Excellent,5.9,4,2,24.4,Adequate
U0868,58,Female,50,153,Moderate,Hot,Banker,2.55,2.2,Good,7.7,4,2,21.4,Adequate
U0869,43,Male,70,171,High,Temperate,Retired,2.93,2.8,Good,4.9,4,0,23.9,Adequate
U0870,58,Female,66,165,Low,Cold,Farmer,1.81,2.1,Excellent,6.5,2,1,24.2,Adequate
U0871,48,Female,45,154,Low,Hot,Mechanic,1.32,1.8,Good,4.9,5,0,19.0,Inadequate
U0872,63,Male,74,173,High,Hot,Engineer,3.54,3.2,Poor,5.0,4,0,24.7,Adequate
U0873,25,Female,61,169,Moderate,Cold,Athlete,2.03,2.1,Poor,6.1,2,1,21.4,Adequate
U0874,33,Female,58,167,Moderate,Hot,Teacher,3.23,2.4,Excellent,5.7,1,1,20.8,Adequate
U0875,39,Male,75,189,Low,Temperate,Athlete,1.32,2.5,Excellent,7.3,1,4,21.0,Inadequate
U0876,31,Female,47,165,Moderate,Cold,Programmer,1.56,1.7,Good,7.2,0,3,17.3,Adequate
U0877,25,Female,76,164,High,Hot,Chef,3.49,3.3,Excellent,6.0,4,0,28.3,Adequate
U0878,35,Female,63,161,High,Hot,Chef,3.3,2.9,Good,5.3,5,2,24.3,Adequate
U0879,47,Female,57,161,Low,Cold,Teacher,0.92,1.8,Good,7.3,0,1,22.0,Inadequate
U0880,39,Male,87,173,Moderate,Hot,Retired,3.18,3.4,Excellent,5.6,0,3,29.1,Adequate
U0881,48,Female,58,183,Low,Temperate,Sales,1.2,1.9,Good,6.7,2,1,17.3,Inadequate
U0882,32,Male,69,168,Moderate,Hot,Student,3.01,2.8,Good,5.4,1,1,24.4,Adequate
U0883,39,Male,79,168,Low,Cold,Officer,2.07,2.5,Good,4.0,2,2,28.0,Inadequate
U0884,36,Female,71,162,Moderate,Hot,Student,3.33,2.8,Excellent,6.2,1,2,27.1,Adequate
U0885,45,Female,52,160,High,Cold,Programmer,2.21,2.1,Good,7.8,2,0,20.3,Adequate
U0886,46,Male,91,192,Moderate,Temperate,Manager,1.82,3.2,Poor,6.8,4,0,24.7,Inadequate
U0887,26,Male,52,165,Moderate,Temperate,Banker,1.9,1.9,Good,4.5,1,4,19.1,Adequate
U0888,58,Male,69,182,High,Cold,Manager,1.07,2.7,Poor,6.0,4,4,20.8,Inadequate
U0889,55,Female,55,163,Moderate,Temperate,Trainer,2.29,2.0,Excellent,7.8,2,0,20.7,Adequate
U0890,21,Female,77,154,Low,Hot,Lawyer,2.02,2.8,Good,5.0,4,3,32.5,Inadequate
U0891,52,Female,62,151,Moderate,Temperate,Programmer,1.26,2.2,Good,6.4,2,2,27.2,Inadequate
U0892,55,Male,70,170,Moderate,Cold,Banker,1.69,2.4,Poor,7.4,4,0,24.2,Inadequate
U0893,40,Female,45,156,Low,Cold,Driver,0.62,1.5,Poor,4.7,4,0,18.5,Inadequate
U0894,48,Female,70,148,Low,Hot,Journalist,2.68,2.6,Good,5.6,2,0,32.0,Adequate
U0895,21,Female,73,166,Moderate,Temperate,Student,2.44,2.6,Good,7.4,0,1,26.5,Adequate
U0896,34,Male,74,179,Moderate,Hot,Chef,2.19,2.9,Poor,5.1,2,1,23.1,Inadequate
U0897,54,Female,57,159,Moderate,Temperate,Professor,1.57,2.1,Good,7.3,2,3,22.5,Inadequate
U0898,28,Male,62,174,Moderate,Hot,Consultant,2.86,2.5,Good,5.3,2,4,20.5,Adequate
U0899,21,Female,79,164,Moderate,Temperate,Sales,2.59,2.8,Good,5.0,3,3,29.4,Adequate
U0900,49,Female,85,178,Moderate,Temperate,Trainer,2.5,3.0,Good,7.2,0,1,26.8,Inadequate
U0901,46,Male,83,167,Moderate,Temperate,Driver,2.38,2.9,Excellent,7.1,2,2,29.8,Inadequate
U0902,58,Male,88,166,Moderate,Hot,Farmer,3.06,3.4,Good,4.6,2,0,31.9,Adequate
U0903,18,Female,77,161,Moderate,Cold,Mechanic,2.04,2.6,Good,5.6,1,2,29.7,Inadequate
U0904,62,Female,58,168,Moderate,Temperate,Sales,2.14,2.1,Poor,7.3,1,0,20.5,Adequate
U0905,59,Female,55,163,Low,Cold,Professor,0.62,1.7,Good,5.3,1,1,20.7,Inadequate
U0906,50,Male,59,175,Moderate,Cold,Trainer,1.76,2.0,Good,5.7,1,1,19.3,Adequate
U0907,56,Female,63,169,Low,Temperate,Engineer,1.5,2.1,Good,6.1,2,0,22.1,Inadequate
U0908,29,Male,73,175,Moderate,Temperate,Manager,2.59,2.6,Excellent,8.1,2,1,23.8,Adequate
U0909,33,Male,76,170,Low,Temperate,Chef,1.33,2.5,Poor,8.2,1,4,26.3,Inadequate
U0910,39,Male,77,179,High,Hot,Consultant,4.18,3.3,Good,4.6,0,0,24.0,Adequate
U0911,63,Female,63,167,Moderate,Hot,Chef,2.58,2.6,Excellent,9.6,1,2,22.6,Adequate
U0912,57,Male,58,177,Moderate,Temperate,Engineer,2.75,2.1,Excellent,8.2,3,0,18.5,Adequate
U0913,34,Male,81,177,High,Cold,Journalist,3.19,3.1,Good,7.6,2,1,25.9,Adequate
U0914,48,Female,64,155,Moderate,Temperate,Engineer,2.17,2.3,Good,6.2,0,2,26.6,Adequate
U0915,61,Female,61,165,High,Hot,Driver,3.28,2.8,Excellent,5.8,2,1,22.4,Adequate
U0916,60,Female,46,162,Moderate,Temperate,Professor,1.58,1.7,Good,5.4,2,0,17.5,Adequate
U0917,48,Male,69,169,Moderate,Temperate,Artist,2.76,2.5,Excellent,5.1,2,1,24.2,Adequate
U0918,52,Female,53,162,Low,Hot,Programmer,1.72,2.0,Poor,7.1,3,0,20.2,Adequate
U0919,40,Female,46,160,Moderate,Temperate,Athlete,1.58,1.7,Poor,6.9,2,1,18.0,Adequate
U0920,48,Female,77,149,Low,Temperate,Trainer,1.7,2.5,Good,5.5,1,1,34.7,Inadequate
U0921,33,Female,57,163,Moderate,Temperate,Consultant,1.79,2.1,Poor,5.9,2,2,21.5,Adequate
U0922,32,Female,60,168,High,Hot,Programmer,3.93,2.8,Good,7.5,0,0,21.3,Adequate
U0923,63,Female,56,162,Moderate,Hot,Teacher,2.32,2.3,Good,5.1,0,1,21.3,Adequate
U0924,51,Male,71,186,High,Hot,Manager,3.85,3.1,Good,6.4,0,2,20.5,Adequate
U0925,42,Male,68,169,Moderate,Temperate,Lawyer,2.33,2.4,Excellent,6.6,2,4,23.8,Adequate
U0926,24,Female,68,154,Low,Hot,Lawyer,2.58,2.5,Good,8.4,4,0,28.7,Adequate
U0927,37,Female,70,161,Moderate,Cold,Nurse,1.53,2.4,Poor,8.0,1,2,27.0,Inadequate
U0928,54,Female,59,161,High,Temperate,Farmer,2.11,2.4,Good,4.0,2,3,22.8,Adequate
U0929,23,Female,45,165,High,Temperate,Engineer,3.11,2.0,Good,7.1,1,0,16.5,Adequate
U0930,42,Female,59,168,Low,Hot,Driver,2.71,2.2,Excellent,7.5,1,0,20.9,Adequate
U0931,60,Male,92,168,Moderate,Cold,Lawyer,2.57,3.1,Good,8.1,2,0,32.6,Inadequate
U0932,61,Male,79,169,Low,Hot,Journalist,1.78,2.9,Good,7.7,1,0,27.7,Inadequate
U0933,57,Male,61,164,Moderate,Temperate,Consultant,2.3,2.2,Excellent,6.5,3,0,22.7,Adequate
U0934,18,Female,70,166,High,Cold,Sales,3.4,2.7,Excellent,5.9,1,3,25.4,Adequate
U0935,39,Female,79,154,Moderate,Hot,Developer,3.68,3.1,Good,6.5,1,3,33.3,Adequate
U0936,29,Male,113,161,Moderate,Hot,Doctor,3.1,4.2,Good,6.6,0,2,43.6,Inadequate
U0937,26,Female,60,157,Low,Cold,Driver,0.5,1.9,Good,7.0,2,2,24.3,Inadequate
U0938,56,Female,79,176,Low,Cold,Athlete,0.65,2.5,Good,5.9,4,1,25.5,Inadequate
U0939,27,Male,87,171,Moderate,Hot,Doctor,3.06,3.4,Good,6.5,1,0,29.8,Adequate
U0940,28,Male,94,177,Moderate,Hot,Student,3.24,3.6,Excellent,4.9,0,0,30.0,Adequate
U0941,36,Female,70,154,Moderate,Hot,Artist,3.46,2.8,Excellent,6.2,2,1,29.5,Adequate
U0942,33,Female,61,164,Moderate,Cold,Banker,2.14,2.1,Good,8.1,1,2,22.7,Adequate
U0943,18,Male,91,170,Moderate,Hot,Manager,4.29,3.5,Good,5.0,0,2,31.5,Adequate
U0944,44,Female,56,162,Moderate,Temperate,Officer,1.47,2.0,Excellent,5.1,5,2,21.3,Inadequate
U0945,27,Male,78,175,Moderate,Temperate,Banker,2.05,2.8,Poor,7.1,1,1,25.5,Inadequate
U0946,59,Male,69,167,Moderate,Hot,Officer,3.37,2.8,Good,6.0,1,0,24.7,Adequate
U0947,39,Male,69,174,Moderate,Hot,Officer,2.73,2.8,Good,5.7,2,2,22.8,Adequate
U0948,22,Male,54,176,Moderate,Hot,Journalist,2.36,2.3,Good,4.9,4,2,17.4,Adequate
U0949,42,Female,59,150,Moderate,Cold,Programmer,2.09,2.0,Excellent,6.1,3,4,26.2,Adequate
U0950,50,Male,67,181,High,Hot,Chef,3.21,3.0,Good,6.8,1,0,20.5,Adequate
U0951,41,Female,50,150,High,Temperate,Doctor,2.68,2.2,Good,5.9,1,2,22.2,Adequate
U0952,40,Male,62,177,Moderate,Hot,Doctor,3.61,2.5,Excellent,5.8,3,1,19.8,Adequate
U0953,56,Female,60,175,High,Temperate,Banker,3.04,2.5,Good,6.0,0,2,19.6,Adequate
U0954,24,Male,73,177,Low,Cold,Lawyer,2.33,2.3,Excellent,7.6,1,2,23.3,Adequate
U0955,23,Female,52,164,Moderate,Temperate,Sales,1.68,1.9,Good,7.3,3,4,19.3,Adequate
U0956,61,Male,82,168,Moderate,Hot,Banker,1.97,3.2,Poor,6.9,4,0,29.1,Inadequate
U0957,62,Male,67,175,Moderate,Hot,Driver,1.42,2.7,Poor,5.2,2,0,21.9,Inadequate
U0958,61,Male,75,182,High,Temperate,Professor,3.53,3.0,Excellent,8.7,4,2,22.6,Adequate
U0959,52,Male,94,164,Low,Temperate,Consultant,1.56,3.1,Excellent,6.5,2,1,34.9,Inadequate
U0960,33,Male,69,166,Low,Cold,Artist,0.5,2.2,Poor,5.4,4,0,25.0,Inadequate
U0961,32,Female,45,160,High,Temperate,Consultant,3.31,2.0,Excellent,5.9,0,2,17.6,Adequate
U0962,20,Female,55,163,Low,Temperate,Lawyer,1.84,1.8,Excellent,6.3,2,2,20.7,Adequate
U0963,37,Male,91,174,Moderate,Cold,Sales,2.19,3.1,Good,5.1,0,1,30.1,Inadequate
U0964,47,Female,52,152,Moderate,Temperate,Retired,1.83,1.9,Poor,8.5,1,1,22.5,Adequate
U0965,30,Female,45,166,Moderate,Cold,Driver,1.9,1.6,Good,7.6,0,3,16.3,Adequate
U0966,45,Female,76,168,Low,Hot,Farmer,2.61,2.8,Good,6.4,2,0,26.9,Adequate
U0967,39,Female,53,167,Moderate,Temperate,Student,2.15,1.9,Good,5.6,0,3,19.0,Adequate
U0968,44,Male,68,190,Low,Hot,Developer,1.86,2.5,Poor,7.0,5,0,18.8,Inadequate
U0969,46,Male,49,175,High,Hot,Lawyer,3.29,2.4,Excellent,6.7,0,2,16.0,Adequate
U0970,60,Female,59,155,Moderate,Hot,Professor,2.45,2.4,Poor,6.8,1,0,24.6,Adequate
U0971,46,Female,67,165,Moderate,Cold,Lawyer,1.65,2.3,Good,4.8,4,0,24.6,Inadequate
U0972,59,Male,72,169,High,Hot,Professor,3.08,3.2,Poor,7.1,1,0,25.2,Adequate
U0973,63,Female,45,155,Low,Cold,Programmer,0.88,1.5,Good,8.5,2,1,18.7,Inadequate
U0974,30,Male,80,164,Low,Cold,Lawyer,1.09,2.5,Good,6.1,3,0,29.7,Inadequate
U0975,49,Male,49,177,Moderate,Temperate,Mechanic,2.05,1.8,Good,7.6,0,4,15.6,Adequate
U0976,20,Female,69,155,Moderate,Temperate,Sales,2.61,2.5,Good,5.7,3,0,28.7,Adequate
U0977,20,Female,61,161,Low,Cold,Sales,1.29,1.9,Good,7.5,3,0,23.5,Inadequate
U0978,37,Male,89,175,Moderate,Hot,Consultant,2.9,3.4,Good,7.2,2,2,29.1,Adequate
U0979,37,Male,77,184,Low,Temperate,Mechanic,2.52,2.5,Excellent,5.4,0,0,22.7,Adequate
U0980,62,Male,68,172,High,Cold,Chef,2.53,2.6,Good,6.2,3,0,23.0,Adequate
U0981,26,Female,52,153,Low,Hot,Student,2.94,2.0,Excellent,7.0,2,0,22.2,Adequate
U0982,26,Male,55,170,High,Temperate,Doctor,2.55,2.3,Poor,7.3,1,0,19.0,Adequate
U0983,30,Male,81,169,Low,Hot,Teacher,1.77,3.0,Poor,7.2,4,0,28.4,Inadequate
U0984,60,Female,73,165,Moderate,Hot,Scientist,2.5,2.9,Good,6.9,2,3,26.8,Adequate
U0985,38,Female,74,181,High,Cold,Officer,2.01,2.8,Poor,7.3,4,0,22.6,Inadequate
U0986,41,Male,78,171,Moderate,Hot,Manager,3.04,3.1,Poor,8.9,3,3,26.7,Adequate
U0987,63,Female,64,162,High,Cold,Nurse,1.94,2.5,Poor,5.5,4,0,24.4,Inadequate
U0988,35,Male,90,175,Moderate,Cold,Artist,1.77,3.1,Poor,6.5,5,2,29.4,Inadequate
U0989,55,Female,59,173,High,Temperate,Retired,2.33,2.4,Good,7.9,2,1,19.7,Adequate
U0990,23,Female,61,163,High,Temperate,Trainer,3.65,2.5,Good,7.5,1,2,23.0,Adequate
U0991,37,Male,81,179,High,Cold,Farmer,2.2,3.1,Good,6.0,4,2,25.3,Inadequate
U0992,46,Female,64,147,Low,Hot,Journalist,1.77,2.4,Poor,6.0,5,0,29.6,Inadequate
U0993,40,Male,55,183,Low,Cold,Officer,1.77,1.7,Good,9.0,2,0,16.4,Adequate
U0994,44,Female,52,156,Low,Cold,Farmer,0.5,1.6,Good,5.0,1,0,21.4,Inadequate
U0995,41,Female,54,158,Moderate,Temperate,Artist,1.44,2.0,Poor,5.3,0,3,21.6,Inadequate
U0996,27,Male,52,176,Low,Temperate,Banker,1.86,1.7,Good,7.2,0,2,16.8,Adequate
U0997,27,Female,70,145,Low,Cold,Teacher,1.56,2.2,Excellent,5.3,2,1,33.3,Inadequate
U0998,31,Female,74,168,Low,Temperate,Programmer,1.78,2.4,Excellent,6.6,2,0,26.2,Inadequate
U0999,63,Male,80,165,High,Temperate,Officer,3.02,3.1,Excellent,8.4,1,2,29.4,Adequate
U1000,18,Female,78,166,Moderate,Temperate,Officer,2.75,2.8,Good,7.3,1,1,28.3,Adequate
